HomeTeam,AwayTeam,FTHG,FTAG,FTR,HTHG,HTAG,HTR,HS,AS,HST,AST,HF,AF,HC,AC,HY,AY,HR,AR
Werder Bremen,Bayern Munich,0,4,A,0,1,A,6,25,1,10,16,11,0,6,2,1,0,0
Augsburg,M'gladbach,4,4,D,3,3,D,20,9,8,6,9,14,8,7,1,2,0,0
Hoffenheim,Freiburg,1,2,A,0,2,A,24,17,5,8,9,9,4,2,0,1,0,0
Leverkusen,RB Leipzig,3,2,H,2,1,H,11,13,7,6,13,10,4,5,1,2,0,0
Stuttgart,Bochum,5,0,H,2,0,H,19,4,9,1,5,12,7,0,1,1,0,0
Wolfsburg,Heidenheim,2,0,H,2,0,H,18,13,8,1,10,9,1,7,3,0,0,0
Dortmund,FC Koln,1,0,H,0,0,D,12,11,2,4,13,11,6,3,1,0,0,0
Union Berlin,Mainz,4,1,H,2,0,H,12,9,7,3,15,16,3,1,1,5,0,0
Ein Frankfurt,Darmstadt,1,0,H,1,0,H,10,11,4,2,9,14,7,3,2,3,0,0
RB Leipzig,Stuttgart,5,1,H,0,1,A,20,8,11,3,12,10,4,4,1,1,0,0
Bochum,Dortmund,1,1,D,1,0,H,17,13,6,3,21,7,5,4,2,1,0,0
Darmstadt,Union Berlin,1,4,A,1,3,A,18,12,6,6,15,12,3,5,2,2,0,1
FC Koln,Wolfsburg,1,2,A,0,0,D,14,9,2,6,6,10,6,1,1,5,0,0
Freiburg,Werder Bremen,1,0,H,0,0,D,23,16,6,2,9,8,5,5,2,2,0,0
Heidenheim,Hoffenheim,2,3,A,1,0,H,19,16,9,6,13,9,10,6,1,5,0,0
M'gladbach,Leverkusen,0,3,A,0,2,A,13,24,2,10,7,8,5,8,2,3,0,0
Mainz,Ein Frankfurt,1,1,D,1,0,H,13,8,7,2,23,12,5,4,3,4,0,1
Bayern Munich,Augsburg,3,1,H,2,0,H,19,11,6,2,13,8,10,4,1,2,0,0
Dortmund,Heidenheim,2,2,D,2,0,H,20,15,9,6,9,22,3,6,3,3,0,0
Augsburg,Bochum,2,2,D,1,1,D,11,22,3,9,15,13,3,5,2,2,0,0
Hoffenheim,Wolfsburg,3,1,H,1,1,D,11,14,5,7,12,15,3,3,2,2,0,0
Leverkusen,Darmstadt,5,1,H,1,1,D,24,5,13,1,8,11,4,2,3,2,0,0
Stuttgart,Freiburg,5,0,H,3,0,H,13,11,6,5,9,10,2,4,1,1,0,0
Werder Bremen,Mainz,4,0,H,1,0,H,12,12,6,3,18,14,1,7,2,2,0,0
M'gladbach,Bayern Munich,1,2,A,1,0,H,8,25,3,9,5,20,1,15,0,2,0,0
Ein Frankfurt,FC Koln,1,1,D,0,1,A,12,6,4,2,10,10,8,1,1,3,0,0
Union Berlin,RB Leipzig,0,3,A,0,0,D,4,15,1,8,16,9,3,7,3,1,1,0
Bayern Munich,Leverkusen,2,2,D,1,1,D,15,12,9,5,6,6,7,4,0,3,0,0
FC Koln,Hoffenheim,1,3,A,0,2,A,17,17,7,5,15,14,13,4,4,4,1,0
Freiburg,Dortmund,2,4,A,2,1,H,14,14,4,6,12,16,6,8,2,3,1,0
Mainz,Stuttgart,1,3,A,0,0,D,15,16,3,6,12,9,6,4,1,2,0,0
RB Leipzig,Augsburg,3,0,H,3,0,H,9,16,6,4,16,12,1,6,0,0,0,0
Wolfsburg,Union Berlin,2,1,H,2,1,H,8,17,3,5,6,8,3,7,1,0,0,0
Bochum,Ein Frankfurt,1,1,D,0,0,D,24,8,10,6,13,14,8,2,3,2,0,0
Heidenheim,Werder Bremen,4,2,H,2,0,H,19,11,4,4,21,9,10,1,1,1,0,0
Darmstadt,M'gladbach,3,3,D,3,0,H,15,21,8,10,12,8,6,6,1,1,1,0
Stuttgart,Darmstadt,3,1,H,2,1,H,18,3,11,0,7,12,5,4,1,6,0,0
Augsburg,Mainz,2,1,H,2,1,H,6,13,3,3,16,14,3,4,2,3,1,0
Bayern Munich,Bochum,7,0,H,4,0,H,26,4,16,1,8,10,8,1,0,1,0,0
Dortmund,Wolfsburg,1,0,H,0,0,D,18,8,4,2,9,14,5,3,0,1,0,0
M'gladbach,RB Leipzig,0,1,A,0,0,D,13,8,1,4,14,7,11,6,1,1,0,0
Union Berlin,Hoffenheim,0,2,A,0,2,A,22,11,6,4,11,13,11,6,1,3,0,0
Werder Bremen,FC Koln,2,1,H,1,1,D,17,13,6,5,18,16,9,8,2,1,0,0
Leverkusen,Heidenheim,4,1,H,1,0,H,20,1,10,1,9,10,7,2,1,1,0,0
Ein Frankfurt,Freiburg,0,0,D,0,0,D,13,9,5,2,12,5,7,3,4,2,0,0
Hoffenheim,Dortmund,1,3,A,1,2,A,15,6,5,5,14,16,4,3,3,4,0,1
Bochum,M'gladbach,1,3,A,0,3,A,23,25,5,9,12,12,5,10,2,3,0,0
FC Koln,Stuttgart,0,2,A,0,0,D,14,18,5,4,16,8,8,4,2,1,0,0
Heidenheim,Union Berlin,1,0,H,0,0,D,9,19,4,8,11,14,5,7,1,2,0,0
Mainz,Leverkusen,0,3,A,0,1,A,10,6,3,3,13,11,3,1,4,1,0,0
Wolfsburg,Ein Frankfurt,2,0,H,1,0,H,19,7,7,3,11,18,7,4,1,6,0,1
RB Leipzig,Bayern Munich,2,2,D,2,0,H,7,11,2,5,10,11,5,1,2,5,0,0
Darmstadt,Werder Bremen,4,2,H,2,0,H,14,10,5,7,19,19,2,4,3,2,0,0
Freiburg,Augsburg,2,0,H,1,0,H,7,13,3,4,13,17,2,3,2,2,0,0
M'gladbach,Mainz,2,2,D,1,1,D,20,13,9,7,9,9,10,3,3,1,0,0
Augsburg,Darmstadt,1,2,A,0,0,D,17,17,3,5,13,12,4,4,4,2,0,0
Dortmund,Union Berlin,4,2,H,1,2,A,12,12,7,6,7,15,4,6,1,1,0,0
RB Leipzig,Bochum,0,0,D,0,0,D,18,9,5,2,10,13,9,1,2,4,0,0
Stuttgart,Wolfsburg,3,1,H,0,1,A,13,12,7,5,13,14,5,6,1,3,0,0
Werder Bremen,Hoffenheim,2,3,A,1,2,A,13,11,3,4,15,6,4,4,5,4,0,0
Leverkusen,FC Koln,3,0,H,2,0,H,21,7,10,3,9,7,11,4,3,0,0,0
Bayern Munich,Freiburg,3,0,H,2,0,H,21,2,5,0,7,8,7,1,1,0,0,0
Ein Frankfurt,Heidenheim,2,0,H,1,0,H,12,7,6,2,14,10,3,6,2,3,0,0
Dortmund,Werder Bremen,1,0,H,0,0,D,22,6,5,1,5,10,10,4,1,5,0,0
Darmstadt,RB Leipzig,1,3,A,1,2,A,16,10,3,7,16,12,6,0,6,3,0,0
Freiburg,Bochum,2,1,H,2,1,H,15,13,5,5,11,16,5,2,3,4,0,0
Hoffenheim,Ein Frankfurt,1,3,A,1,3,A,14,13,5,5,7,7,6,3,3,0,0,0
Union Berlin,Stuttgart,0,3,A,0,1,A,10,10,2,5,12,12,4,2,2,1,0,0
Wolfsburg,Leverkusen,1,2,A,1,1,D,18,13,7,6,15,14,4,3,3,5,0,0
Mainz,Bayern Munich,1,3,A,1,2,A,14,12,3,5,12,10,2,7,3,2,0,0
FC Koln,M'gladbach,3,1,H,1,0,H,21,5,8,2,13,10,8,3,0,2,0,1
Heidenheim,Augsburg,2,5,A,2,3,A,16,9,5,6,11,11,6,5,3,2,0,0
Bochum,Mainz,2,2,D,1,0,H,10,10,4,4,14,21,5,4,3,3,0,0
Augsburg,Wolfsburg,3,2,H,1,2,A,9,13,5,6,19,14,5,5,6,4,1,0
Bayern Munich,Darmstadt,8,0,H,0,0,D,28,10,16,4,15,13,7,1,1,2,1,2
M'gladbach,Heidenheim,2,1,H,1,1,D,11,8,6,3,5,18,6,4,0,3,0,0
Stuttgart,Hoffenheim,2,3,A,0,2,A,23,7,10,5,13,11,6,0,2,1,0,0
Werder Bremen,Union Berlin,2,0,H,1,0,H,9,7,3,2,12,14,3,3,1,4,0,1
RB Leipzig,FC Koln,6,0,H,4,0,H,24,6,13,1,8,13,11,1,2,4,0,1
Ein Frankfurt,Dortmund,3,3,D,2,1,H,11,14,7,4,11,10,0,4,3,2,0,0
Leverkusen,Freiburg,2,1,H,1,0,H,19,10,4,4,9,10,11,4,0,2,0,0
Darmstadt,Bochum,1,2,A,1,1,D,15,9,4,4,7,16,11,2,2,5,1,0
FC Koln,Augsburg,1,1,D,1,1,D,28,18,12,3,10,10,10,2,1,4,0,0
Freiburg,M'gladbach,3,3,D,1,3,A,15,10,8,5,7,10,8,2,2,2,0,0
Hoffenheim,Leverkusen,2,3,A,0,2,A,12,10,7,4,6,10,4,3,3,2,0,0
Mainz,RB Leipzig,2,0,H,0,0,D,10,10,3,2,13,9,2,7,3,1,0,0
Union Berlin,Ein Frankfurt,0,3,A,0,2,A,10,4,3,3,13,8,9,1,0,1,0,0
Dortmund,Bayern Munich,0,4,A,0,2,A,15,14,1,8,14,6,3,2,3,2,0,0
Wolfsburg,Werder Bremen,2,2,D,1,1,D,15,13,5,4,14,17,5,2,4,1,1,0
Heidenheim,Stuttgart,2,0,H,0,0,D,19,14,2,2,7,13,9,6,2,2,0,0
M'gladbach,Wolfsburg,4,0,H,2,0,H,16,12,8,4,7,12,8,5,1,3,0,0
Augsburg,Hoffenheim,1,1,D,0,1,A,11,12,6,6,9,11,3,5,1,2,0,0
Bayern Munich,Heidenheim,4,2,H,2,0,H,18,7,8,2,8,8,7,2,1,0,0,0
Darmstadt,Mainz,0,0,D,0,0,D,9,9,3,0,20,15,0,5,3,3,0,0
Stuttgart,Dortmund,2,1,H,1,1,D,22,5,10,1,13,16,6,1,2,3,0,0
Bochum,FC Koln,1,1,D,1,0,H,25,10,9,6,14,19,3,3,4,1,0,0
Leverkusen,Union Berlin,4,0,H,1,0,H,19,2,10,2,8,5,10,1,0,1,0,0
Werder Bremen,Ein Frankfurt,2,2,D,1,0,H,14,14,5,3,3,10,3,7,1,3,0,0
RB Leipzig,Freiburg,3,1,H,1,1,D,15,9,6,3,10,12,7,3,2,0,0,0
FC Koln,Bayern Munich,0,1,A,0,1,A,6,19,2,5,6,4,3,12,0,1,0,0
Dortmund,M'gladbach,4,2,H,3,2,H,20,10,13,3,11,11,5,4,1,2,0,0
Freiburg,Darmstadt,1,1,D,1,1,D,16,7,3,1,15,15,11,2,2,0,0,0
Union Berlin,Augsburg,1,1,D,0,1,A,16,11,6,2,10,15,3,4,2,2,0,0
Werder Bremen,Leverkusen,0,3,A,0,2,A,2,13,1,4,15,4,1,6,3,1,0,0
Wolfsburg,RB Leipzig,2,1,H,1,0,H,10,26,4,10,18,11,1,12,4,2,0,0
Ein Frankfurt,Stuttgart,1,2,A,1,2,A,14,11,1,5,14,8,4,2,0,1,0,0
Heidenheim,Bochum,0,0,D,0,0,D,9,9,3,2,14,7,6,5,4,3,0,0
Hoffenheim,Mainz,1,1,D,0,1,A,15,15,6,6,9,14,4,5,4,4,0,0
Darmstadt,FC Koln,0,1,A,0,0,D,11,11,1,6,12,12,1,6,1,3,0,0
Bochum,Wolfsburg,3,1,H,2,1,H,19,15,9,6,14,13,6,6,6,2,0,0
M'gladbach,Hoffenheim,2,1,H,0,0,D,9,17,3,5,12,14,6,3,2,2,0,0
RB Leipzig,Heidenheim,2,1,H,2,1,H,23,7,8,1,13,16,5,3,2,2,0,0
Stuttgart,Werder Bremen,2,0,H,1,0,H,17,11,6,3,7,9,6,7,1,0,0,0
Mainz,Freiburg,0,1,A,0,0,D,19,13,6,5,16,11,14,3,1,1,0,0
Leverkusen,Dortmund,1,1,D,0,1,A,22,6,6,2,12,12,16,1,3,2,0,0
Augsburg,Ein Frankfurt,2,1,H,1,0,H,9,12,4,6,9,10,2,4,1,1,0,0
Hoffenheim,Bochum,3,1,H,2,0,H,18,22,7,5,18,11,4,5,3,2,0,0
Ein Frankfurt,Bayern Munich,5,1,H,3,1,H,14,17,6,6,8,7,1,9,1,2,0,0
Heidenheim,Darmstadt,3,2,H,1,0,H,16,20,7,7,17,13,8,3,2,2,0,0
Union Berlin,M'gladbach,3,1,H,1,0,H,16,13,6,4,9,8,6,7,1,3,0,0
Werder Bremen,Augsburg,2,0,H,1,0,H,12,11,5,1,13,9,5,2,1,2,0,0
Wolfsburg,Freiburg,0,1,A,0,0,D,10,4,3,1,11,16,5,3,1,4,0,0
Dortmund,RB Leipzig,2,3,A,1,1,D,18,24,6,8,6,11,6,6,1,3,1,0
Stuttgart,Leverkusen,1,1,D,1,0,H,22,20,12,6,8,7,8,8,1,1,0,0
FC Koln,Mainz,0,0,D,0,0,D,7,13,3,5,10,10,1,7,2,4,0,0
M'gladbach,Werder Bremen,2,2,D,1,1,D,15,10,4,5,10,12,4,3,4,2,0,0
Augsburg,Dortmund,1,1,D,1,1,D,20,24,4,6,13,4,4,7,2,1,0,0
Bochum,Union Berlin,3,0,H,1,0,H,21,10,7,2,12,13,6,4,2,2,0,0
Darmstadt,Wolfsburg,0,1,A,0,0,D,14,11,4,3,16,10,7,7,2,0,0,1
Mainz,Heidenheim,0,1,A,0,1,A,16,5,4,2,9,20,8,1,3,3,0,0
RB Leipzig,Hoffenheim,3,1,H,1,1,D,23,10,11,4,11,9,9,2,3,2,0,0
Freiburg,FC Koln,2,0,H,0,0,D,23,7,7,1,13,10,5,2,1,4,0,1
Leverkusen,Ein Frankfurt,3,0,H,1,0,H,14,4,6,2,4,13,5,5,1,1,0,0
Bayern Munich,Stuttgart,3,0,H,1,0,H,17,5,8,2,7,8,6,2,0,3,0,0
Werder Bremen,RB Leipzig,1,1,D,0,0,D,11,18,3,9,15,9,1,4,4,2,0,0
Dortmund,Mainz,1,1,D,1,1,D,21,11,8,6,11,14,6,1,0,4,0,0
Hoffenheim,Darmstadt,3,3,D,2,1,H,13,14,4,3,9,15,8,3,2,4,0,0
Union Berlin,FC Koln,2,0,H,0,0,D,12,15,8,7,10,7,4,5,0,0,0,0
Ein Frankfurt,M'gladbach,2,1,H,0,1,A,15,7,7,2,11,14,8,2,1,6,0,1
Heidenheim,Freiburg,3,2,H,0,1,A,14,10,3,4,20,12,7,4,3,4,0,0
Leverkusen,Bochum,4,0,H,3,0,H,15,6,8,1,7,12,4,3,0,2,0,0
Stuttgart,Augsburg,3,0,H,2,0,H,17,6,7,5,8,14,4,4,0,4,0,0
Wolfsburg,Bayern Munich,1,2,A,1,2,A,5,20,4,7,14,12,0,6,4,2,0,0
Bayern Munich,Hoffenheim,3,0,H,1,0,H,27,12,12,4,8,6,11,2,1,3,0,1
Augsburg,Leverkusen,0,1,A,0,0,D,2,25,0,6,11,4,0,12,3,1,0,0
FC Koln,Heidenheim,1,1,D,1,0,H,13,10,6,2,12,11,9,6,2,1,0,0
Freiburg,Union Berlin,0,0,D,0,0,D,14,8,4,4,7,9,4,3,0,2,0,0
Mainz,Wolfsburg,1,1,D,0,1,A,12,9,4,4,21,16,7,3,3,4,0,0
RB Leipzig,Ein Frankfurt,0,1,A,0,1,A,26,5,7,1,7,16,15,4,0,2,0,0
Darmstadt,Dortmund,0,3,A,0,1,A,10,17,2,8,10,13,3,4,1,3,0,0
Bochum,Werder Bremen,1,1,D,0,0,D,13,15,4,4,14,14,3,4,6,5,0,0
M'gladbach,Stuttgart,3,1,H,2,0,H,8,14,4,2,7,11,0,3,3,3,0,0
Bochum,Stuttgart,1,0,H,0,0,D,6,17,1,4,16,16,1,7,5,3,0,0
Darmstadt,Ein Frankfurt,2,2,D,0,1,A,13,7,3,4,11,7,4,1,1,1,0,0
FC Koln,Dortmund,0,4,A,0,1,A,16,11,5,7,16,7,13,4,2,2,0,0
Freiburg,Hoffenheim,3,2,H,1,0,H,16,16,8,4,18,10,2,2,3,3,1,0
Heidenheim,Wolfsburg,1,1,D,1,1,D,12,12,3,3,11,10,4,2,0,1,0,0
RB Leipzig,Leverkusen,2,3,A,1,0,H,11,18,6,5,11,11,1,9,2,3,0,0
Bayern Munich,Werder Bremen,0,1,A,0,0,D,21,8,6,3,12,7,10,2,2,1,0,0
M'gladbach,Augsburg,1,2,A,1,0,H,18,15,4,7,10,20,5,7,1,2,0,0
Bayern Munich,Union Berlin,1,0,H,0,0,D,24,4,10,1,5,9,12,1,2,4,0,0
Ein Frankfurt,Mainz,1,0,H,0,0,D,13,7,4,0,10,12,2,1,2,1,0,0
Augsburg,Bayern Munich,2,3,A,0,2,A,14,13,7,4,12,11,4,5,2,6,0,0
Hoffenheim,Heidenheim,1,1,D,1,1,D,20,15,8,3,11,13,9,5,4,0,0,0
Stuttgart,RB Leipzig,5,2,H,2,1,H,19,4,11,2,9,11,9,3,1,4,0,0
Werder Bremen,Freiburg,3,1,H,1,1,D,14,7,4,4,14,10,5,5,2,1,0,0
Wolfsburg,FC Koln,1,1,D,1,1,D,12,6,5,2,17,12,6,3,5,3,0,0
Leverkusen,M'gladbach,0,0,D,0,0,D,28,4,8,3,15,6,8,2,3,1,0,0
Union Berlin,Darmstadt,1,0,H,0,0,D,19,15,6,1,13,9,4,3,3,2,0,0
Dortmund,Bochum,3,1,H,1,1,D,15,10,6,4,10,16,8,4,1,3,0,0
Heidenheim,Dortmund,0,0,D,0,0,D,11,13,0,5,7,7,4,6,0,2,0,0
Bayern Munich,M'gladbach,3,1,H,1,1,D,21,11,6,4,11,9,6,5,0,1,0,0
Bochum,Augsburg,1,1,D,1,0,H,9,12,4,6,17,14,3,5,3,1,0,0
Darmstadt,Leverkusen,0,2,A,0,1,A,8,18,6,7,14,8,4,3,2,2,0,0
Freiburg,Stuttgart,1,3,A,1,2,A,7,17,4,9,10,7,1,6,4,2,1,0
Mainz,Werder Bremen,0,1,A,0,1,A,20,6,5,1,22,16,11,1,4,3,0,0
FC Koln,Ein Frankfurt,2,0,H,0,0,D,14,11,4,4,8,13,7,7,1,4,0,2
Wolfsburg,Hoffenheim,2,2,D,0,1,A,14,17,8,7,12,16,7,2,2,3,0,0
RB Leipzig,Union Berlin,2,0,H,1,0,H,16,10,6,2,13,11,5,4,1,2,0,1
Mainz,Union Berlin,1,1,D,1,1,D,16,15,7,4,14,15,8,3,2,4,0,0
Dortmund,Freiburg,3,0,H,2,0,H,17,6,8,3,13,7,5,3,2,0,0,0
Augsburg,RB Leipzig,2,2,D,1,1,D,11,9,4,6,15,10,1,3,5,1,0,0
Ein Frankfurt,Bochum,1,1,D,1,1,D,8,14,2,5,6,12,8,3,2,2,0,0
M'gladbach,Darmstadt,0,0,D,0,0,D,22,10,8,1,11,15,7,2,0,5,0,0
Union Berlin,Wolfsburg,1,0,H,1,0,H,7,15,2,5,12,9,6,10,1,2,0,0
Werder Bremen,Heidenheim,1,2,A,1,2,A,14,10,3,3,10,13,5,10,1,2,0,0
Leverkusen,Bayern Munich,3,0,H,1,0,H,14,8,8,1,13,13,4,6,3,2,0,0
Stuttgart,Mainz,3,1,H,2,0,H,10,16,7,6,7,9,4,5,1,1,0,0
Hoffenheim,FC Koln,1,1,D,0,0,D,10,5,4,1,12,13,10,3,3,4,0,0
FC Koln,Werder Bremen,0,1,A,0,0,D,10,13,2,4,16,11,5,3,4,4,0,0
Darmstadt,Stuttgart,1,2,A,0,1,A,21,13,9,4,15,14,5,3,4,5,0,1
Heidenheim,Leverkusen,1,2,A,0,1,A,6,17,3,4,15,5,4,5,2,1,0,0
Hoffenheim,Union Berlin,0,1,A,0,0,D,16,10,4,3,10,7,6,2,3,4,1,1
Mainz,Augsburg,1,0,H,1,0,H,19,10,4,4,8,16,7,7,3,2,0,1
Wolfsburg,Dortmund,1,1,D,0,1,A,9,12,4,5,18,5,5,3,3,1,0,0
RB Leipzig,M'gladbach,2,0,H,1,0,H,16,13,9,0,12,13,8,4,1,5,0,0
Freiburg,Ein Frankfurt,3,3,D,2,2,D,13,10,8,6,8,10,6,1,0,0,0,0
Bochum,Bayern Munich,3,2,H,2,1,H,14,26,5,10,12,10,4,9,2,4,0,1
Leverkusen,Mainz,2,1,H,1,1,D,18,13,7,4,14,16,11,2,3,5,0,1
M'gladbach,Bochum,5,2,H,2,0,H,22,15,6,5,13,13,5,6,2,4,0,0
Stuttgart,FC Koln,1,1,D,0,0,D,13,12,5,6,11,13,9,4,1,0,0,0
Union Berlin,Heidenheim,2,2,D,2,1,H,12,9,3,4,9,12,4,2,2,1,0,0
Werder Bremen,Darmstadt,1,1,D,1,1,D,13,11,4,3,10,13,4,6,3,4,0,0
Bayern Munich,RB Leipzig,2,1,H,0,0,D,16,11,4,5,11,10,6,4,3,3,0,0
Ein Frankfurt,Wolfsburg,2,2,D,1,2,A,12,14,5,8,9,7,5,3,2,1,0,0
Dortmund,Hoffenheim,2,3,A,2,1,H,19,7,7,5,7,10,10,3,2,3,0,0
Augsburg,Freiburg,2,1,H,0,1,A,21,5,8,1,16,11,10,2,3,1,0,0
Freiburg,Bayern Munich,2,2,D,1,1,D,17,21,5,9,11,7,3,6,1,2,0,0
Bochum,RB Leipzig,1,4,A,1,1,D,15,10,4,4,13,10,2,5,3,2,1,0
Darmstadt,Augsburg,0,6,A,0,5,A,10,21,5,6,4,12,3,6,2,0,0,0
Heidenheim,Ein Frankfurt,1,2,A,0,1,A,16,11,3,6,6,10,7,3,1,4,0,0
Mainz,M'gladbach,1,1,D,1,0,H,21,14,5,5,12,15,12,6,5,1,1,0
Union Berlin,Dortmund,0,2,A,0,1,A,13,12,5,7,11,8,8,7,2,1,0,0
Wolfsburg,Stuttgart,2,3,A,0,1,A,12,7,2,3,20,12,5,4,3,2,0,0
FC Koln,Leverkusen,0,2,A,0,1,A,6,17,0,6,10,9,1,9,2,2,1,0
Hoffenheim,Werder Bremen,2,1,H,2,0,H,14,18,7,8,11,10,3,3,5,1,1,0
Stuttgart,Union Berlin,2,0,H,1,0,H,14,10,5,4,7,14,4,3,1,2,0,1
Augsburg,Heidenheim,1,0,H,1,0,H,8,6,4,1,14,20,5,2,1,3,0,0
Bayern Munich,Mainz,8,1,H,3,1,H,25,13,12,3,8,7,6,7,1,1,0,0
M'gladbach,FC Koln,3,3,D,1,1,D,16,12,5,5,15,15,8,3,3,4,0,0
RB Leipzig,Darmstadt,2,0,H,1,0,H,28,9,8,4,3,14,8,4,0,3,0,0
Werder Bremen,Dortmund,1,2,A,0,2,A,15,13,5,6,6,8,10,4,1,2,0,1
Bochum,Freiburg,1,2,A,0,1,A,18,9,6,5,11,11,12,5,3,7,0,0
Ein Frankfurt,Hoffenheim,3,1,H,1,1,D,17,6,7,2,11,10,5,1,2,3,0,2
Leverkusen,Wolfsburg,2,0,H,1,0,H,19,2,7,1,6,7,9,2,1,3,0,1
FC Koln,RB Leipzig,1,5,A,1,1,D,9,23,2,7,11,12,3,6,2,2,0,0
Darmstadt,Bayern Munich,2,5,A,1,2,A,7,26,3,6,9,6,2,9,1,0,0,0
Heidenheim,M'gladbach,1,1,D,0,1,A,16,6,5,2,16,8,10,4,1,3,0,0
Mainz,Bochum,2,0,H,1,0,H,13,11,4,4,15,15,7,6,4,3,0,0
Union Berlin,Werder Bremen,2,1,H,0,0,D,11,10,5,2,16,16,4,3,3,5,0,0
Wolfsburg,Augsburg,1,3,A,1,1,D,15,14,4,5,12,19,8,6,1,3,1,0
Hoffenheim,Stuttgart,0,3,A,0,2,A,8,25,1,12,8,12,5,6,1,0,0,0
Freiburg,Leverkusen,2,3,A,1,2,A,9,18,3,7,13,6,2,8,1,0,0,0
Dortmund,Ein Frankfurt,3,1,H,1,1,D,16,8,6,6,5,9,8,3,1,2,0,0
Ein Frankfurt,Union Berlin,0,0,D,0,0,D,18,10,4,2,8,14,6,2,3,1,0,0
Leverkusen,Hoffenheim,2,1,H,0,1,A,36,6,12,2,9,8,9,2,0,1,0,0
M'gladbach,Freiburg,0,3,A,0,1,A,18,13,4,8,11,7,14,1,1,0,0,0
RB Leipzig,Mainz,0,0,D,0,0,D,23,8,10,2,10,15,12,2,2,5,0,0
Werder Bremen,Wolfsburg,0,2,A,0,1,A,6,15,1,5,13,15,3,6,4,4,1,1
Bayern Munich,Dortmund,0,2,A,0,1,A,16,11,3,5,7,7,7,4,0,0,0,0
Augsburg,FC Koln,1,1,D,1,1,D,24,12,6,2,9,13,12,6,0,3,0,0
Stuttgart,Heidenheim,3,3,D,1,0,H,20,6,6,3,5,9,6,7,1,0,0,1
Bochum,Darmstadt,2,2,D,1,0,H,20,13,7,3,7,15,6,5,2,2,0,0
Ein Frankfurt,Werder Bremen,1,1,D,0,0,D,19,10,5,7,10,14,9,0,3,2,1,1
FC Koln,Bochum,2,1,H,0,0,D,17,8,6,2,16,13,9,4,3,3,0,0
Freiburg,RB Leipzig,1,4,A,0,3,A,15,15,4,6,7,12,8,4,3,4,0,0
Heidenheim,Bayern Munich,3,2,H,0,2,A,9,15,4,8,9,8,3,3,2,0,0,0
Mainz,Darmstadt,4,0,H,1,0,H,18,14,9,2,16,9,5,1,2,3,0,0
Union Berlin,Leverkusen,0,1,A,0,1,A,8,19,1,8,10,14,7,10,3,2,1,0
Dortmund,Stuttgart,0,1,A,0,0,D,14,10,7,2,8,8,8,3,2,4,0,0
Hoffenheim,Augsburg,3,1,H,2,0,H,17,14,6,7,8,14,11,6,3,1,0,0
Wolfsburg,M'gladbach,1,3,A,1,0,H,13,10,4,6,9,12,4,4,2,2,0,0
Augsburg,Union Berlin,2,0,H,0,0,D,12,17,4,4,15,14,5,4,1,1,0,0
Bayern Munich,FC Koln,2,0,H,0,0,D,17,11,7,5,3,15,5,5,0,3,0,0
Bochum,Heidenheim,1,1,D,0,0,D,24,10,5,3,12,22,6,2,4,1,0,0
Mainz,Hoffenheim,4,1,H,0,1,A,23,5,8,1,12,14,9,3,0,2,0,0
M'gladbach,Dortmund,1,2,A,1,2,A,16,12,5,4,13,11,2,4,1,4,0,1
RB Leipzig,Wolfsburg,3,0,H,1,0,H,15,10,6,3,12,7,6,4,2,4,0,0
Stuttgart,Ein Frankfurt,3,0,H,3,0,H,9,10,6,3,4,15,4,5,1,3,0,0
Darmstadt,Freiburg,0,1,A,0,1,A,16,9,4,3,6,12,2,2,0,1,0,0
Leverkusen,Werder Bremen,5,0,H,1,0,H,19,7,10,3,10,4,7,0,2,1,0,0
Ein Frankfurt,Augsburg,3,1,H,0,1,A,12,6,7,1,2,19,6,5,3,3,0,0
FC Koln,Darmstadt,0,2,A,0,0,D,18,12,4,6,10,13,4,3,0,1,0,0
Heidenheim,RB Leipzig,1,2,A,0,1,A,9,11,5,4,14,7,2,6,3,1,0,0
Hoffenheim,M'gladbach,4,3,H,1,1,D,27,13,9,7,6,11,6,5,1,3,0,0
Wolfsburg,Bochum,1,0,H,1,0,H,10,9,5,1,11,16,5,8,4,3,0,0
Union Berlin,Bayern Munich,1,5,A,0,2,A,15,18,4,9,5,4,5,3,0,0,0,0
Werder Bremen,Stuttgart,2,1,H,1,0,H,9,14,2,5,11,10,1,7,3,3,0,0
Dortmund,Leverkusen,1,1,D,0,0,D,9,13,2,5,14,11,2,6,4,3,0,0
Freiburg,Mainz,1,1,D,1,1,D,7,17,3,4,17,15,2,4,3,4,0,0
Ein Frankfurt,Bayern Munich,1,6,A,0,5,A,8,23,2,10,10,11,5,6,2,0,0,0
Augsburg,Freiburg,0,4,A,0,0,D,10,19,2,7,13,13,5,8,0,0,0,0
Bochum,Mainz,1,2,A,1,1,D,16,13,3,6,11,16,3,5,2,3,0,0
M'gladbach,Hoffenheim,3,1,H,1,1,D,18,2,8,1,18,12,4,2,1,4,0,1
Union Berlin,Hertha,3,1,H,1,0,H,18,9,8,3,23,17,5,4,2,3,0,0
Wolfsburg,Werder Bremen,2,2,D,1,2,A,13,10,3,5,11,14,2,5,2,2,0,0
Dortmund,Leverkusen,1,0,H,1,0,H,13,8,4,3,14,13,3,3,2,4,0,1
Stuttgart,RB Leipzig,1,1,D,1,1,D,11,27,2,9,14,9,1,9,2,1,0,0
FC Koln,Schalke 04,3,1,H,0,0,D,30,6,10,2,8,10,9,1,0,1,0,1
Freiburg,Dortmund,1,3,A,1,0,H,16,16,7,7,16,10,9,2,1,3,0,0
Hertha,Ein Frankfurt,1,1,D,1,0,H,11,11,5,1,11,11,4,5,3,1,0,0
Hoffenheim,Bochum,3,2,H,2,2,D,24,11,13,5,13,10,8,2,1,1,0,0
Leverkusen,Augsburg,1,2,A,1,1,D,23,6,10,4,7,16,7,3,1,6,0,0
RB Leipzig,FC Koln,2,2,D,1,1,D,9,12,5,3,8,18,2,7,1,4,1,0
Werder Bremen,Stuttgart,2,2,D,1,1,D,5,14,3,7,6,10,2,5,4,2,0,0
Schalke 04,M'gladbach,2,2,D,1,0,H,14,14,5,9,12,8,2,7,4,2,0,0
Mainz,Union Berlin,0,0,D,0,0,D,10,10,5,2,9,14,4,4,1,0,0,0
Bayern Munich,Wolfsburg,2,0,H,2,0,H,24,7,8,1,7,10,8,4,2,1,0,0
M'gladbach,Hertha,1,0,H,1,0,H,11,18,6,5,7,11,5,5,1,2,0,1
Augsburg,Mainz,1,2,A,1,1,D,6,14,2,7,13,19,3,3,2,2,0,0
Dortmund,Werder Bremen,2,3,A,1,0,H,5,14,3,7,13,9,3,5,4,1,0,0
Leverkusen,Hoffenheim,0,3,A,0,2,A,14,10,3,5,15,18,3,1,1,4,0,0
Stuttgart,Freiburg,0,1,A,0,1,A,18,9,5,3,8,12,3,1,4,2,0,0
Wolfsburg,Schalke 04,0,0,D,0,0,D,16,9,6,2,13,10,12,4,1,3,0,0
Union Berlin,RB Leipzig,2,1,H,2,0,H,9,16,4,2,14,8,1,13,2,1,0,0
Ein Frankfurt,FC Koln,1,1,D,0,0,D,10,6,3,2,15,11,5,9,0,1,0,0
Bochum,Bayern Munich,0,7,A,0,4,A,13,22,7,12,10,6,5,5,1,0,0,0
Freiburg,Bochum,1,0,H,0,0,D,28,15,12,5,15,13,2,5,2,2,0,0
Hertha,Dortmund,0,1,A,0,1,A,12,24,3,7,8,9,6,10,1,0,0,0
Hoffenheim,Augsburg,1,0,H,1,0,H,24,12,6,1,14,9,4,6,1,1,0,0
Mainz,Leverkusen,0,3,A,0,3,A,17,7,3,5,10,12,3,4,1,6,0,2
RB Leipzig,Wolfsburg,2,0,H,1,0,H,16,9,7,4,20,15,8,4,3,3,0,0
Schalke 04,Union Berlin,1,6,A,1,3,A,12,12,4,7,9,11,8,2,1,0,0,0
Bayern Munich,M'gladbach,1,1,D,0,1,A,35,5,20,3,14,7,14,1,4,2,0,0
FC Koln,Stuttgart,0,0,D,0,0,D,6,13,2,5,14,12,6,8,2,2,0,1
Werder Bremen,Ein Frankfurt,3,4,A,2,3,A,10,12,4,7,17,17,5,7,1,3,0,0
Dortmund,Hoffenheim,1,0,H,1,0,H,16,7,5,2,14,15,5,8,3,4,0,0
Bochum,Werder Bremen,0,2,A,0,0,D,19,16,6,6,15,10,7,3,2,2,0,0
Leverkusen,Freiburg,2,3,A,1,0,H,15,5,6,3,15,10,8,4,2,2,0,0
Stuttgart,Schalke 04,1,1,D,1,1,D,13,13,3,4,11,10,5,7,4,2,1,0
Union Berlin,Bayern Munich,1,1,D,1,1,D,10,21,3,6,19,7,5,7,1,2,0,0
Wolfsburg,FC Koln,2,4,A,1,3,A,9,18,3,5,13,14,5,4,2,1,0,0
Ein Frankfurt,RB Leipzig,4,0,H,2,0,H,14,5,9,0,14,10,4,3,1,1,0,0
Augsburg,Hertha,0,2,A,0,0,D,8,16,2,6,12,15,5,1,2,1,0,0
M'gladbach,Mainz,0,1,A,0,0,D,13,12,3,5,8,15,4,8,1,4,1,0
Werder Bremen,Augsburg,0,1,A,0,0,D,11,14,6,5,12,12,3,7,4,5,0,0
Bayern Munich,Stuttgart,2,2,D,1,0,H,18,8,7,3,11,9,3,0,2,5,0,0
Ein Frankfurt,Wolfsburg,0,1,A,0,0,D,11,6,0,3,16,13,10,5,2,4,0,0
Hertha,Leverkusen,2,2,D,0,0,D,17,11,6,5,15,16,3,5,3,1,0,0
Hoffenheim,Mainz,4,1,H,0,0,D,21,10,9,2,9,13,7,5,3,2,0,1
RB Leipzig,Dortmund,3,0,H,2,0,H,14,4,5,0,12,6,5,8,2,1,0,0
Schalke 04,Bochum,3,1,H,1,0,H,20,9,8,2,12,16,3,8,2,3,0,0
FC Koln,Union Berlin,0,1,A,0,1,A,7,12,2,3,15,12,7,8,4,1,1,0
Freiburg,M'gladbach,0,0,D,0,0,D,13,14,8,5,13,6,7,6,1,1,0,0
Mainz,Hertha,1,1,D,0,1,A,12,4,2,2,12,10,4,3,3,5,0,0
Augsburg,Bayern Munich,1,0,H,0,0,D,9,21,4,7,16,9,2,8,3,1,0,0
Dortmund,Schalke 04,1,0,H,0,0,D,19,3,7,0,12,14,11,2,3,2,0,0
Leverkusen,Werder Bremen,1,1,D,0,0,D,19,19,7,7,5,14,9,6,2,3,0,0
Stuttgart,Ein Frankfurt,1,3,A,0,1,A,15,13,2,8,9,11,7,4,2,0,0,0
M'gladbach,RB Leipzig,3,0,H,2,0,H,21,13,10,6,14,14,8,3,2,2,0,0
Union Berlin,Wolfsburg,2,0,H,0,0,D,16,5,4,0,18,6,4,1,0,0,0,0
Bochum,FC Koln,1,1,D,1,0,H,7,18,0,3,12,8,4,8,0,1,0,0
Hoffenheim,Freiburg,0,0,D,0,0,D,10,14,3,4,15,9,5,3,1,2,0,0
Bayern Munich,Leverkusen,4,0,H,3,0,H,20,10,10,5,10,6,6,2,0,0,0,0
Ein Frankfurt,Union Berlin,2,0,H,2,0,H,14,14,4,5,4,11,4,7,3,4,1,0
FC Koln,Dortmund,3,2,H,0,1,A,20,21,16,13,14,10,7,11,4,3,0,0
Freiburg,Mainz,2,1,H,2,0,H,13,17,6,7,9,15,5,5,2,4,0,0
RB Leipzig,Bochum,4,0,H,2,0,H,17,2,9,1,8,8,7,2,0,2,0,0
Wolfsburg,Stuttgart,3,2,H,2,2,D,20,15,7,7,16,14,8,5,3,5,0,0
Werder Bremen,M'gladbach,5,1,H,4,0,H,14,13,9,9,8,8,4,5,0,1,0,0
Hertha,Hoffenheim,1,1,D,1,1,D,13,16,5,4,5,15,2,6,2,1,0,0
Schalke 04,Augsburg,2,3,A,1,2,A,16,11,5,5,11,10,8,4,2,6,0,1
Hoffenheim,Werder Bremen,1,2,A,1,1,D,16,8,6,3,12,18,3,3,3,3,0,0
Augsburg,Wolfsburg,1,1,D,0,1,A,18,12,5,7,19,11,11,5,5,3,0,0
Bochum,Ein Frankfurt,3,0,H,0,0,D,11,11,6,2,12,10,9,4,2,1,0,0
Leverkusen,Schalke 04,4,0,H,2,0,H,13,2,7,1,9,17,3,3,1,1,0,0
Mainz,RB Leipzig,1,1,D,1,0,H,9,12,3,3,12,12,4,2,1,1,0,0
Dortmund,Bayern Munich,2,2,D,0,1,A,13,9,6,3,8,11,7,4,3,6,0,1
M'gladbach,FC Koln,5,2,H,2,1,H,13,5,6,3,8,14,7,4,2,3,0,1
Hertha,Freiburg,2,2,D,1,1,D,11,10,3,4,14,13,4,2,2,1,0,0
Stuttgart,Union Berlin,0,1,A,0,0,D,9,7,3,4,12,10,2,5,3,3,1,0
Schalke 04,Hoffenheim,0,3,A,0,2,A,14,18,2,7,12,8,4,5,2,2,0,0
Ein Frankfurt,Leverkusen,5,1,H,1,0,H,20,5,11,2,10,9,7,1,0,4,0,1
Stuttgart,Bochum,4,1,H,2,1,H,16,14,7,4,6,17,3,3,0,3,0,0
Werder Bremen,Mainz,0,2,A,0,1,A,14,11,4,5,3,11,3,3,1,2,0,0
Wolfsburg,M'gladbach,2,2,D,1,1,D,16,10,4,5,13,11,7,6,3,3,0,0
RB Leipzig,Hertha,3,2,H,3,0,H,14,16,5,5,17,9,8,4,2,3,0,0
FC Koln,Augsburg,3,2,H,0,1,A,14,7,6,3,11,15,5,3,2,4,0,0
Union Berlin,Dortmund,2,0,H,2,0,H,14,13,5,6,15,5,5,8,1,2,0,0
Bayern Munich,Freiburg,5,0,H,2,0,H,18,6,8,0,8,9,5,5,0,2,0,0
Mainz,FC Koln,5,0,H,3,0,H,15,6,7,2,13,14,5,4,1,5,0,1
Augsburg,RB Leipzig,3,3,D,1,0,H,11,19,3,8,15,11,3,6,7,1,1,0
Dortmund,Stuttgart,5,0,H,3,0,H,19,10,10,1,7,8,9,2,1,0,0,0
Freiburg,Werder Bremen,2,0,H,0,0,D,25,10,7,2,14,12,6,2,2,2,0,1
Hoffenheim,Bayern Munich,0,2,A,0,2,A,7,23,3,10,12,8,7,5,3,2,0,0
Leverkusen,Wolfsburg,2,2,D,1,1,D,13,9,5,3,19,5,3,3,3,1,0,0
M'gladbach,Ein Frankfurt,1,3,A,0,3,A,8,16,3,5,9,20,3,2,3,2,0,0
Bochum,Union Berlin,2,1,H,1,0,H,8,6,5,3,14,10,3,7,1,3,0,0
Hertha,Schalke 04,2,1,H,0,0,D,11,9,4,2,14,14,5,6,5,1,0,0
Werder Bremen,Hertha,1,0,H,0,0,D,15,9,4,1,14,11,4,5,2,3,0,0
Bayern Munich,Mainz,6,2,H,3,1,H,25,13,12,5,10,11,8,5,1,1,0,0
RB Leipzig,Leverkusen,2,0,H,1,0,H,10,4,6,1,9,7,3,3,3,3,0,0
Stuttgart,Augsburg,2,1,H,1,1,D,31,12,8,6,7,12,10,3,1,2,0,0
Wolfsburg,Bochum,4,0,H,2,0,H,22,10,7,3,7,17,7,2,1,1,0,0
Ein Frankfurt,Dortmund,1,2,A,1,1,D,20,8,8,2,15,11,4,3,5,5,0,0
Union Berlin,M'gladbach,2,1,H,0,1,A,14,7,5,3,17,6,6,5,3,2,0,0
Schalke 04,Freiburg,0,2,A,0,1,A,12,19,3,9,20,7,4,8,3,2,0,0
FC Koln,Hoffenheim,1,1,D,1,1,D,11,9,3,4,11,10,5,4,1,2,0,1
M'gladbach,Stuttgart,3,1,H,2,1,H,11,13,6,4,13,16,3,5,2,1,0,0
Augsburg,Ein Frankfurt,1,2,A,1,1,D,9,12,5,7,17,15,3,6,0,1,0,0
Dortmund,Bochum,3,0,H,3,0,H,6,7,3,1,7,14,2,5,1,1,0,0
Hertha,Bayern Munich,2,3,A,2,3,A,7,14,5,4,13,9,2,7,0,0,0,0
Hoffenheim,RB Leipzig,1,3,A,0,1,A,11,17,3,8,9,9,6,3,4,2,0,0
Mainz,Wolfsburg,0,3,A,0,1,A,16,10,3,3,15,6,9,4,1,1,0,0
Werder Bremen,Schalke 04,2,1,H,1,0,H,11,19,5,3,11,12,3,3,3,2,0,0
Leverkusen,Union Berlin,5,0,H,0,0,D,11,6,8,1,11,17,1,5,1,4,0,0
Freiburg,FC Koln,2,0,H,0,0,D,13,6,5,2,9,10,5,3,0,1,0,0
Wolfsburg,Dortmund,2,0,H,1,0,H,15,20,8,6,10,12,6,9,4,2,0,0
Bayern Munich,Werder Bremen,6,1,H,4,1,H,21,4,10,1,9,8,8,4,0,0,0,0
Bochum,M'gladbach,2,1,H,2,0,H,13,8,4,2,11,14,6,3,1,3,0,0
Stuttgart,Hertha,2,1,H,1,1,D,16,11,7,4,9,15,8,5,3,2,0,0
FC Koln,Leverkusen,1,2,A,1,0,H,17,10,7,3,9,7,6,1,1,2,0,0
Ein Frankfurt,Hoffenheim,4,2,H,3,1,H,15,12,8,3,9,22,4,5,0,3,0,0
RB Leipzig,Freiburg,3,1,H,0,0,D,18,4,8,2,9,21,6,2,1,4,0,0
Schalke 04,Mainz,1,0,H,1,0,H,13,11,4,1,16,17,1,6,3,1,0,0
Union Berlin,Augsburg,2,2,D,2,2,D,18,7,6,2,7,10,6,3,1,4,0,0
M'gladbach,Dortmund,4,2,H,3,2,H,11,20,6,10,12,12,2,9,1,2,0,0
Augsburg,Bochum,0,1,A,0,0,D,19,11,5,4,12,9,6,2,1,1,0,0
Hertha,FC Koln,2,0,H,1,0,H,17,10,8,2,15,10,10,5,3,1,0,0
Hoffenheim,Wolfsburg,1,2,A,1,1,D,22,6,8,3,15,11,7,1,0,3,0,0
Leverkusen,Stuttgart,2,0,H,1,0,H,11,7,3,1,11,10,4,2,2,3,0,0
Werder Bremen,RB Leipzig,1,2,A,0,1,A,7,14,5,3,14,8,0,4,1,2,0,0
Schalke 04,Bayern Munich,0,2,A,0,1,A,6,22,2,6,7,4,4,5,0,0,0,0
Mainz,Ein Frankfurt,1,1,D,1,0,H,19,10,6,3,12,8,5,2,2,2,0,0
Freiburg,Union Berlin,4,1,H,4,0,H,7,4,5,2,13,9,2,1,0,1,0,1
RB Leipzig,Bayern Munich,1,1,D,0,1,A,10,7,3,2,17,12,3,2,2,3,0,0
Bochum,Hertha,3,1,H,2,0,H,10,10,3,2,13,13,1,6,1,1,0,0
Ein Frankfurt,Schalke 04,3,0,H,1,0,H,11,18,3,4,14,10,5,4,2,3,0,0
Stuttgart,Mainz,1,1,D,1,1,D,16,12,4,2,15,17,3,5,1,3,0,0
Union Berlin,Hoffenheim,3,1,H,0,1,A,23,10,5,5,11,13,9,4,2,1,0,0
Wolfsburg,Freiburg,6,0,H,3,0,H,13,9,11,1,11,12,0,5,1,2,0,0
FC Koln,Werder Bremen,7,1,H,5,1,H,15,4,7,2,10,14,2,2,0,0,0,0
Dortmund,Augsburg,4,3,H,2,2,D,27,14,10,4,6,9,7,3,1,4,0,0
M'gladbach,Leverkusen,2,3,A,0,2,A,15,13,8,5,12,14,2,3,3,2,0,0
Schalke 04,RB Leipzig,1,6,A,0,4,A,9,21,1,14,16,13,1,6,1,1,0,0
Bayern Munich,FC Koln,1,1,D,0,1,A,22,2,7,1,7,10,9,4,0,1,0,0
Hertha,Wolfsburg,0,5,A,0,3,A,8,15,2,7,20,13,6,4,2,0,0,0
Hoffenheim,Stuttgart,2,2,D,1,1,D,13,8,5,4,12,4,6,4,1,3,0,1
Mainz,Dortmund,1,2,A,1,1,D,12,12,4,6,15,7,2,3,2,0,0,0
Augsburg,M'gladbach,1,0,H,0,0,D,14,7,4,2,15,15,3,2,1,2,0,0
Freiburg,Ein Frankfurt,1,1,D,0,1,A,12,4,5,2,15,15,4,3,3,3,0,0
Leverkusen,Bochum,2,0,H,1,0,H,11,9,4,2,15,14,3,4,2,4,0,0
Werder Bremen,Union Berlin,1,2,A,1,1,D,8,11,3,5,11,17,5,7,0,0,0,0
RB Leipzig,Stuttgart,2,1,H,1,0,H,9,10,4,3,8,6,3,6,0,0,0,0
Freiburg,Augsburg,3,1,H,2,1,H,15,16,9,4,14,9,3,7,3,3,0,0
Hertha,Union Berlin,0,2,A,0,1,A,10,7,3,3,12,13,3,2,1,2,0,0
Hoffenheim,M'gladbach,1,4,A,0,2,A,15,10,5,5,23,10,4,3,2,1,0,0
Mainz,Bochum,5,2,H,3,0,H,14,14,7,4,17,11,3,2,0,1,0,0
Werder Bremen,Wolfsburg,2,1,H,1,0,H,14,7,5,3,16,12,2,6,3,3,0,0
Bayern Munich,Ein Frankfurt,1,1,D,1,0,H,14,7,6,1,6,4,7,6,3,1,0,0
Schalke 04,FC Koln,0,0,D,0,0,D,15,7,2,0,13,16,7,7,3,4,0,0
Leverkusen,Dortmund,0,2,A,0,1,A,20,6,7,2,13,20,8,4,2,4,0,0
Augsburg,Leverkusen,1,0,H,0,0,D,10,12,5,4,14,8,2,1,3,2,0,0
Bochum,Hoffenheim,5,2,H,3,0,H,17,10,11,4,13,15,6,6,2,3,0,0
Dortmund,Freiburg,5,1,H,1,1,D,24,6,8,3,13,14,14,0,3,4,0,1
Ein Frankfurt,Hertha,3,0,H,2,0,H,10,13,4,3,12,10,7,1,1,2,0,0
FC Koln,RB Leipzig,0,0,D,0,0,D,9,7,0,2,10,15,5,1,3,4,0,0
Union Berlin,Mainz,2,1,H,1,0,H,9,9,5,2,12,10,5,5,1,1,0,0
M'gladbach,Schalke 04,0,0,D,0,0,D,17,18,4,5,9,15,9,5,2,3,0,0
Stuttgart,Werder Bremen,0,2,A,0,0,D,16,9,5,4,8,17,8,4,2,5,0,0
Wolfsburg,Bayern Munich,2,4,A,1,3,A,19,9,5,4,10,9,7,4,2,6,0,1
Schalke 04,Wolfsburg,0,0,D,0,0,D,17,8,5,2,10,20,9,3,1,4,0,0
Bayern Munich,Bochum,3,0,H,1,0,H,25,7,12,1,10,12,6,3,1,1,0,0
Freiburg,Stuttgart,2,1,H,0,1,A,9,14,5,3,13,10,4,3,3,3,0,0
Hoffenheim,Leverkusen,1,3,A,0,1,A,11,12,6,5,15,9,5,8,3,1,0,0
Mainz,Augsburg,3,1,H,2,1,H,13,11,7,3,12,6,4,12,1,1,0,0
Werder Bremen,Dortmund,0,2,A,0,0,D,8,17,3,9,7,7,3,7,1,0,0,0
RB Leipzig,Union Berlin,1,2,A,1,0,H,9,6,1,5,15,13,3,4,4,4,0,0
Hertha,M'gladbach,4,1,H,1,1,D,17,7,7,3,12,11,4,6,1,1,0,0
FC Koln,Ein Frankfurt,3,0,H,0,0,D,9,7,4,1,15,11,3,9,3,2,0,0
Augsburg,Hoffenheim,1,0,H,0,0,D,16,8,3,2,13,14,6,1,3,3,0,0
Bochum,Freiburg,0,2,A,0,1,A,15,15,6,5,15,10,5,5,4,2,1,0
M'gladbach,Bayern Munich,3,2,H,1,1,D,17,13,7,4,9,9,4,0,0,1,0,1
Stuttgart,FC Koln,3,0,H,1,0,H,18,11,7,4,10,12,3,6,3,4,0,0
Wolfsburg,RB Leipzig,0,3,A,0,1,A,7,17,2,5,16,15,2,5,1,1,0,0
Ein Frankfurt,Werder Bremen,2,0,H,1,0,H,11,3,6,0,15,9,5,2,1,1,0,0
Union Berlin,Schalke 04,0,0,D,0,0,D,9,6,4,2,13,19,6,4,2,1,0,0
Dortmund,Hertha,4,1,H,2,0,H,12,15,5,8,8,15,3,4,1,2,0,0
Leverkusen,Mainz,2,3,A,1,2,A,17,12,7,7,14,19,4,5,5,5,1,0
Mainz,M'gladbach,4,0,H,1,0,H,14,8,8,2,17,6,3,3,2,3,0,0
FC Koln,Wolfsburg,0,2,A,0,1,A,11,6,5,4,9,16,10,2,1,2,0,0
Hertha,Augsburg,2,0,H,0,0,D,11,9,3,2,16,19,1,6,1,3,0,0
Hoffenheim,Dortmund,0,1,A,0,1,A,13,23,4,11,11,7,12,11,3,1,0,0
RB Leipzig,Ein Frankfurt,2,1,H,2,0,H,10,8,5,4,11,11,2,6,2,3,0,0
Werder Bremen,Bochum,3,0,H,2,0,H,12,9,6,2,16,16,2,0,3,2,0,0
Schalke 04,Stuttgart,2,1,H,2,0,H,11,17,6,5,12,13,6,9,2,2,0,0
Freiburg,Leverkusen,1,1,D,1,0,H,9,16,4,4,14,13,1,3,2,1,0,0
Bayern Munich,Union Berlin,3,0,H,3,0,H,19,4,10,1,8,9,10,4,1,1,0,0
Dortmund,RB Leipzig,2,1,H,2,0,H,8,14,3,6,8,20,4,6,2,5,0,0
Augsburg,Werder Bremen,2,1,H,1,1,D,9,17,5,8,10,9,3,7,2,2,0,0
Bochum,Schalke 04,0,2,A,0,1,A,6,9,4,5,17,11,4,4,2,1,0,0
Mainz,Hoffenheim,1,0,H,1,0,H,16,15,6,4,12,15,11,3,1,4,0,0
M'gladbach,Freiburg,0,0,D,0,0,D,10,8,4,3,11,15,6,5,5,2,1,0
Union Berlin,FC Koln,0,0,D,0,0,D,8,12,2,4,9,10,5,4,1,0,0,0
Stuttgart,Bayern Munich,1,2,A,0,1,A,11,13,4,6,6,12,3,6,0,0,0,0
Leverkusen,Hertha,4,1,H,2,0,H,18,7,9,2,11,14,9,2,1,2,0,0
Wolfsburg,Ein Frankfurt,2,2,D,2,2,D,13,10,8,2,11,16,4,5,3,3,0,0
FC Koln,Bochum,0,2,A,0,1,A,11,9,5,3,9,14,10,1,2,2,0,0
Bayern Munich,Augsburg,5,3,H,4,1,H,24,13,9,6,8,10,8,5,2,1,0,0
Ein Frankfurt,Stuttgart,1,1,D,0,0,D,10,9,1,5,16,11,3,2,4,1,0,0
Hertha,Mainz,1,1,D,1,0,H,9,6,4,3,10,15,7,8,2,1,0,0
RB Leipzig,M'gladbach,3,0,H,0,0,D,14,7,9,3,9,9,11,0,1,0,0,0
Schalke 04,Dortmund,2,2,D,0,1,A,10,20,5,8,16,8,3,6,1,1,0,0
Freiburg,Hoffenheim,2,1,H,1,0,H,9,12,3,1,11,25,2,2,2,5,0,1
Werder Bremen,Leverkusen,2,3,A,1,1,D,12,13,6,5,12,12,2,3,2,1,0,0
Wolfsburg,Union Berlin,1,1,D,0,0,D,15,11,6,2,11,14,3,5,1,4,0,0
M'gladbach,Werder Bremen,2,2,D,0,0,D,21,6,9,3,9,12,6,5,1,1,0,0
Augsburg,Schalke 04,1,1,D,0,0,D,9,13,3,5,11,14,9,6,4,4,1,0
Bochum,RB Leipzig,1,0,H,0,0,D,8,21,2,8,10,8,2,7,2,3,0,0
Hoffenheim,Hertha,3,1,H,2,0,H,15,11,7,5,10,11,8,9,0,3,1,0
Stuttgart,Wolfsburg,0,1,A,0,0,D,12,9,2,3,10,8,3,8,1,0,0,0
Dortmund,FC Koln,6,1,H,4,1,H,11,11,8,5,7,10,1,6,1,0,0,0
Union Berlin,Ein Frankfurt,2,0,H,0,0,D,14,19,3,4,19,15,3,7,3,2,0,0
Leverkusen,Bayern Munich,2,1,H,0,1,A,12,11,6,6,10,11,5,3,2,3,0,0
Mainz,Freiburg,1,1,D,0,0,D,10,11,6,5,18,10,3,5,2,3,0,0
Ein Frankfurt,Bochum,1,1,D,1,1,D,18,8,7,2,14,13,15,2,3,2,0,0
Freiburg,Hertha,1,1,D,0,0,D,16,10,8,3,7,11,2,2,1,1,0,0
RB Leipzig,Mainz,0,3,A,0,1,A,12,19,3,7,13,20,3,4,3,3,0,0
Schalke 04,Leverkusen,0,3,A,0,0,D,12,18,3,10,20,13,7,5,2,1,0,0
Union Berlin,Stuttgart,3,0,H,0,0,D,13,17,5,8,11,12,3,5,1,1,0,0
Wolfsburg,Augsburg,2,2,D,0,2,A,23,5,5,2,9,15,4,7,3,2,0,0
Bayern Munich,Dortmund,4,2,H,3,0,H,16,10,9,4,11,7,6,2,1,1,0,0
FC Koln,M'gladbach,0,0,D,0,0,D,12,8,5,2,18,8,11,1,3,3,0,0
Werder Bremen,Hoffenheim,1,2,A,0,0,D,12,8,5,2,11,16,1,6,3,4,0,0
Augsburg,FC Koln,1,3,A,1,2,A,13,11,1,5,5,11,6,1,3,4,0,0
Dortmund,Union Berlin,2,1,H,1,0,H,14,7,6,2,8,11,8,0,5,2,0,0
Freiburg,Bayern Munich,0,1,A,0,0,D,10,23,2,8,10,14,2,6,2,2,0,0
Leverkusen,Ein Frankfurt,3,1,H,2,0,H,13,9,8,3,9,13,2,5,1,5,0,0
Mainz,Werder Bremen,2,2,D,0,0,D,16,9,10,4,11,22,1,2,1,5,0,0
Hertha,RB Leipzig,0,1,A,0,1,A,11,18,1,6,12,13,4,4,4,3,0,0
M'gladbach,Wolfsburg,2,0,H,1,0,H,13,9,6,2,12,11,5,8,0,1,0,0
Bochum,Stuttgart,2,3,A,0,1,A,11,14,5,7,12,8,7,4,3,3,0,0
Hoffenheim,Schalke 04,2,0,H,1,0,H,15,10,4,3,14,13,9,8,3,0,0,0
Schalke 04,Hertha,5,2,H,2,1,H,14,11,7,5,12,19,7,8,2,3,0,0
Bayern Munich,Hoffenheim,1,1,D,1,0,H,22,4,7,3,7,10,13,4,2,1,0,0
FC Koln,Mainz,1,1,D,0,1,A,12,5,4,1,10,15,3,3,3,2,0,0
RB Leipzig,Augsburg,3,2,H,3,1,H,13,14,6,3,8,11,3,5,2,3,0,0
Stuttgart,Dortmund,3,3,D,0,2,A,12,15,5,6,7,14,5,7,5,3,1,0
Ein Frankfurt,M'gladbach,1,1,D,0,1,A,16,4,5,2,16,5,10,2,1,2,0,0
Werder Bremen,Freiburg,1,2,A,0,0,D,13,6,5,3,13,12,5,2,2,3,0,0
Union Berlin,Bochum,1,1,D,1,0,H,10,14,2,8,10,7,5,7,2,1,1,0
Wolfsburg,Leverkusen,0,0,D,0,0,D,11,13,3,4,10,17,2,6,0,5,0,0
Augsburg,Stuttgart,1,1,D,1,0,H,4,6,1,3,17,12,1,3,5,3,0,0
Bochum,Wolfsburg,1,5,A,0,3,A,23,15,6,7,11,8,10,3,3,3,0,0
Hertha,Werder Bremen,2,4,A,0,2,A,13,11,5,4,11,12,8,4,2,2,0,0
Hoffenheim,FC Koln,1,3,A,0,2,A,11,14,4,7,11,11,2,5,1,2,0,0
Mainz,Bayern Munich,3,1,H,0,1,A,13,11,4,2,14,6,2,7,2,0,0,0
Dortmund,Ein Frankfurt,4,0,H,3,0,H,14,9,7,2,10,13,5,2,2,3,0,0
Freiburg,Schalke 04,4,0,H,2,0,H,25,10,12,4,9,10,6,5,1,2,0,0
Leverkusen,RB Leipzig,2,0,H,1,0,H,8,26,6,8,10,9,0,9,3,5,0,1
M'gladbach,Union Berlin,0,1,A,0,0,D,8,14,4,4,10,12,2,2,3,2,0,0
Bochum,Dortmund,1,1,D,1,1,D,10,21,4,6,13,9,4,11,1,2,0,0
Ein Frankfurt,Augsburg,1,1,D,1,0,H,7,9,1,3,6,11,5,7,2,2,0,0
FC Koln,Freiburg,0,1,A,0,0,D,21,12,8,6,15,7,9,6,1,1,0,0
RB Leipzig,Hoffenheim,1,0,H,1,0,H,16,5,2,2,9,14,7,1,0,2,0,0
Stuttgart,M'gladbach,2,1,H,1,0,H,18,9,5,4,11,14,5,8,2,2,0,1
Union Berlin,Leverkusen,0,0,D,0,0,D,7,8,1,2,9,8,6,4,1,1,0,0
Schalke 04,Werder Bremen,2,1,H,0,1,A,21,11,10,1,9,17,11,3,4,3,0,0
Bayern Munich,Hertha,2,0,H,0,0,D,25,2,9,1,5,8,18,1,2,0,0,0
Wolfsburg,Mainz,3,0,H,3,0,H,10,10,4,2,6,10,3,5,1,3,0,0
Leverkusen,FC Koln,1,2,A,1,2,A,14,7,4,5,8,13,9,2,1,6,0,0
Mainz,Schalke 04,2,3,A,0,1,A,9,15,4,10,12,10,7,6,4,1,0,0
Augsburg,Union Berlin,1,0,H,0,0,D,11,12,3,4,10,14,3,7,2,2,0,0
Freiburg,RB Leipzig,0,1,A,0,0,D,5,13,2,6,9,11,3,3,2,4,0,0
Hertha,Stuttgart,2,1,H,2,1,H,7,16,3,4,9,19,3,5,4,1,0,0
Hoffenheim,Ein Frankfurt,3,1,H,3,0,H,8,19,5,6,17,14,1,11,2,4,1,0
M'gladbach,Bochum,2,0,H,1,0,H,25,14,9,3,7,13,11,3,2,1,0,0
Werder Bremen,Bayern Munich,1,2,A,0,0,D,12,12,2,4,14,11,1,11,2,1,0,0
Dortmund,Wolfsburg,6,0,H,3,0,H,20,10,10,3,11,14,10,6,0,1,0,0
FC Koln,Hertha,5,2,H,3,2,H,28,9,15,3,11,14,12,3,2,7,0,0
Bayern Munich,Schalke 04,6,0,H,2,0,H,23,8,14,0,10,10,4,3,0,3,0,0
Bochum,Augsburg,3,2,H,1,1,D,15,12,8,2,13,16,7,7,3,2,0,0
Ein Frankfurt,Mainz,3,0,H,2,0,H,17,10,7,4,4,10,5,1,1,3,0,0
Union Berlin,Freiburg,4,2,H,3,0,H,10,13,4,8,18,13,1,7,3,1,0,0
Wolfsburg,Hoffenheim,2,1,H,1,0,H,8,10,3,2,17,12,3,7,2,2,0,0
Dortmund,M'gladbach,5,2,H,4,0,H,33,13,13,8,10,12,10,4,0,2,0,0
Stuttgart,Leverkusen,1,1,D,0,0,D,9,12,1,3,7,14,7,3,3,4,0,0
RB Leipzig,Werder Bremen,2,1,H,0,0,D,20,6,7,2,12,20,3,2,2,5,0,0
Freiburg,Wolfsburg,2,0,H,0,0,D,16,9,7,2,15,16,4,4,1,3,1,0
Hertha,Bochum,1,1,D,0,0,D,14,17,4,6,7,10,9,5,1,1,0,0
Hoffenheim,Union Berlin,4,2,H,2,1,H,10,20,5,4,15,15,1,5,4,5,0,0
Schalke 04,Ein Frankfurt,2,2,D,1,1,D,11,6,4,3,11,16,8,3,3,4,0,0
Werder Bremen,FC Koln,1,1,D,0,1,A,13,13,6,4,10,9,4,9,4,2,0,0
Bayern Munich,RB Leipzig,1,3,A,1,0,H,17,16,4,8,8,11,7,2,1,1,0,0
Mainz,Stuttgart,1,4,A,1,1,D,9,8,6,6,18,11,6,3,3,1,0,0
Augsburg,Dortmund,0,3,A,0,0,D,4,28,1,10,12,9,3,8,3,3,1,0
Leverkusen,M'gladbach,2,2,D,2,0,H,13,9,6,5,12,15,2,3,3,3,1,0
Bochum,Leverkusen,3,0,H,2,0,H,10,11,5,2,12,12,2,5,5,5,0,1
Dortmund,Mainz,2,2,D,0,2,A,30,10,12,4,5,14,6,3,1,1,0,0
Ein Frankfurt,Freiburg,2,1,H,0,1,A,14,13,8,7,13,10,3,6,4,2,0,0
FC Koln,Bayern Munich,1,2,A,0,1,A,9,11,3,3,11,8,7,3,3,0,0,0
M'gladbach,Augsburg,2,0,H,2,0,H,17,9,7,3,5,19,4,4,0,1,0,1
RB Leipzig,Schalke 04,4,2,H,2,1,H,19,16,12,4,13,11,4,5,2,2,0,0
Stuttgart,Hoffenheim,1,1,D,0,0,D,19,8,4,2,12,10,9,2,0,0,0,0
Union Berlin,Werder Bremen,1,0,H,0,0,D,16,7,4,4,9,10,15,1,1,3,0,0
Wolfsburg,Hertha,1,2,A,1,0,H,19,9,9,5,9,18,7,3,1,5,0,0
M'gladbach,Bayern Munich,1,1,D,1,1,D,11,20,5,10,7,4,3,8,2,0,0,0
Augsburg,Hoffenheim,0,4,A,0,1,A,7,15,0,8,8,9,6,5,1,2,0,0
Bielefeld,Freiburg,0,0,D,0,0,D,10,14,4,6,13,10,4,9,3,4,0,0
Stuttgart,Greuther Furth,5,1,H,2,0,H,30,8,15,4,11,8,9,2,0,1,0,0
Union Berlin,Leverkusen,1,1,D,1,1,D,8,16,5,4,13,5,1,6,0,1,0,0
Wolfsburg,Bochum,1,0,H,1,0,H,21,7,9,1,9,7,5,2,0,2,0,1
Dortmund,Ein Frankfurt,5,2,H,3,1,H,12,12,7,3,5,14,7,3,0,0,0,0
Mainz,RB Leipzig,1,0,H,1,0,H,7,15,2,2,10,8,5,11,1,2,0,0
FC Koln,Hertha,3,1,H,1,1,D,15,11,5,5,18,14,4,5,4,2,0,0
RB Leipzig,Stuttgart,4,0,H,1,0,H,26,11,11,5,10,11,6,2,0,3,0,0
Bochum,Mainz,2,0,H,1,0,H,9,16,5,3,15,19,2,7,4,3,0,0
Ein Frankfurt,Augsburg,0,0,D,0,0,D,20,4,5,0,8,10,6,1,3,3,0,0
Freiburg,Dortmund,2,1,H,1,0,H,8,19,4,2,14,14,0,10,1,4,0,0
Greuther Furth,Bielefeld,1,1,D,0,1,A,20,9,5,2,12,15,5,0,4,2,0,1
Hertha,Wolfsburg,1,2,A,0,0,D,12,12,4,3,12,21,4,4,1,2,0,0
Leverkusen,M'gladbach,4,0,H,2,0,H,13,11,6,6,9,11,7,3,4,2,0,0
Hoffenheim,Union Berlin,2,2,D,2,1,H,7,11,3,8,8,11,6,5,1,3,0,1
Bayern Munich,FC Koln,3,2,H,0,0,D,18,10,6,3,14,10,3,4,1,1,0,0
Dortmund,Hoffenheim,3,2,H,0,0,D,23,9,13,5,9,12,4,7,2,3,0,0
Augsburg,Leverkusen,1,4,A,1,2,A,13,13,4,5,12,10,4,4,0,1,0,0
Bielefeld,Ein Frankfurt,1,1,D,0,1,A,14,12,5,3,13,17,4,4,0,3,0,0
FC Koln,Bochum,2,1,H,0,0,D,21,10,5,1,11,21,5,5,2,1,0,0
Mainz,Greuther Furth,3,0,H,2,0,H,17,8,9,1,21,14,7,4,2,2,0,0
Stuttgart,Freiburg,2,3,A,2,3,A,17,14,7,7,10,14,8,5,2,1,0,0
Bayern Munich,Hertha,5,0,H,2,0,H,17,8,6,3,4,5,8,3,0,0,0,0
Union Berlin,M'gladbach,2,1,H,2,0,H,12,18,4,5,15,6,4,8,2,0,0,0
Wolfsburg,RB Leipzig,1,0,H,0,0,D,8,12,2,2,13,18,7,7,4,2,0,0
Freiburg,FC Koln,1,1,D,0,1,A,10,15,3,5,14,12,4,2,1,3,0,1
Greuther Furth,Wolfsburg,0,2,A,0,1,A,7,10,3,4,17,15,3,5,2,3,0,0
Hoffenheim,Mainz,0,2,A,0,1,A,12,11,0,4,15,16,4,5,2,1,0,0
Leverkusen,Dortmund,3,4,A,2,1,H,11,15,5,7,10,11,4,3,4,3,0,0
Union Berlin,Augsburg,0,0,D,0,0,D,15,13,6,6,10,12,6,4,1,2,0,0
RB Leipzig,Bayern Munich,1,4,A,0,1,A,10,18,4,6,9,13,2,6,0,0,0,0
Ein Frankfurt,Stuttgart,1,1,D,0,0,D,18,9,5,3,13,12,6,6,1,4,0,1
Bochum,Hertha,1,3,A,0,2,A,19,5,5,4,9,17,7,2,0,3,0,0
M'gladbach,Bielefeld,3,1,H,1,1,D,17,18,4,7,10,18,3,4,1,1,0,0
Hertha,Greuther Furth,2,1,H,0,0,D,15,10,3,3,12,13,9,4,1,2,0,0
Augsburg,M'gladbach,1,0,H,0,0,D,8,11,1,1,13,9,2,6,1,2,0,0
Bayern Munich,Bochum,7,0,H,4,0,H,22,5,15,1,5,9,2,2,1,1,0,0
Bielefeld,Hoffenheim,0,0,D,0,0,D,9,16,2,3,16,3,5,6,2,1,0,0
Mainz,Freiburg,0,0,D,0,0,D,10,7,3,2,18,16,4,4,2,1,0,0
FC Koln,RB Leipzig,1,1,D,0,0,D,14,18,6,9,12,6,4,10,3,1,0,0
Stuttgart,Leverkusen,1,3,A,1,2,A,18,7,8,4,11,11,2,6,2,3,0,1
Dortmund,Union Berlin,4,2,H,2,0,H,13,9,4,6,10,12,3,6,2,3,0,0
Wolfsburg,Ein Frankfurt,1,1,D,0,1,A,15,6,6,2,14,18,7,4,2,6,0,0
Greuther Furth,Bayern Munich,1,3,A,0,2,A,11,12,6,4,18,13,6,3,4,1,0,1
Ein Frankfurt,FC Koln,1,1,D,1,1,D,10,15,3,2,11,19,7,6,2,3,0,0
Hoffenheim,Wolfsburg,3,1,H,1,1,D,11,13,3,2,13,9,5,2,2,2,0,0
Leverkusen,Mainz,1,0,H,0,0,D,16,14,9,5,11,12,6,3,4,3,0,0
RB Leipzig,Hertha,6,0,H,3,0,H,18,5,11,3,8,19,2,1,1,3,0,0
Union Berlin,Bielefeld,1,0,H,0,0,D,17,9,4,2,9,5,5,4,1,0,0,0
M'gladbach,Dortmund,1,0,H,1,0,H,14,8,3,0,17,15,5,1,4,4,0,1
Bochum,Stuttgart,0,0,D,0,0,D,14,8,4,3,15,12,7,2,2,5,0,0
Freiburg,Augsburg,3,0,H,3,0,H,19,8,9,2,11,13,6,3,0,1,0,0
FC Koln,Greuther Furth,3,1,H,0,1,A,18,7,8,3,16,18,8,1,1,1,0,0
Dortmund,Augsburg,2,1,H,1,1,D,17,5,3,3,9,16,7,3,1,3,0,0
Hertha,Freiburg,1,2,A,0,1,A,12,9,3,4,17,15,4,9,3,0,0,0
Stuttgart,Hoffenheim,3,1,H,1,0,H,12,13,6,4,14,12,9,4,0,1,0,0
Wolfsburg,M'gladbach,1,3,A,1,2,A,10,19,5,11,17,10,4,6,7,3,1,0
RB Leipzig,Bochum,3,0,H,0,0,D,15,9,9,2,10,16,2,3,1,1,0,0
Mainz,Union Berlin,1,2,A,1,0,H,11,15,4,3,15,6,2,5,2,4,1,0
Bayern Munich,Ein Frankfurt,1,2,A,1,1,D,21,5,11,3,6,8,10,1,2,1,0,0
Bielefeld,Leverkusen,0,4,A,0,2,A,10,19,3,7,13,7,2,4,4,1,0,0
Hoffenheim,FC Koln,5,0,H,1,0,H,14,10,8,0,13,7,3,3,1,1,0,0
Dortmund,Mainz,3,1,H,1,0,H,11,5,5,2,7,12,6,2,2,4,0,0
Ein Frankfurt,Hertha,1,2,A,0,1,A,13,12,5,6,17,16,7,4,1,2,0,0
Freiburg,RB Leipzig,1,1,D,0,1,A,15,13,2,4,10,17,8,5,0,4,0,0
Greuther Furth,Bochum,0,1,A,0,0,D,12,9,3,2,16,16,4,3,2,4,0,0
Union Berlin,Wolfsburg,2,0,H,0,0,D,6,13,3,4,7,16,3,3,3,1,0,0
M'gladbach,Stuttgart,1,1,D,1,1,D,31,5,8,2,14,21,9,1,3,3,0,0
Leverkusen,Bayern Munich,1,5,A,0,5,A,7,27,4,11,9,9,4,7,0,0,0,0
Augsburg,Bielefeld,1,1,D,1,0,H,14,10,6,3,8,15,9,5,3,1,0,0
Mainz,Augsburg,4,1,H,3,0,H,19,6,8,2,9,11,6,2,1,3,0,0
Bayern Munich,Hoffenheim,4,0,H,2,0,H,15,9,7,2,4,18,4,2,0,4,0,0
Bielefeld,Dortmund,1,3,A,0,2,A,13,14,6,7,13,9,7,2,1,0,0,0
RB Leipzig,Greuther Furth,4,1,H,0,1,A,13,8,5,4,15,12,3,4,2,0,0,0
Wolfsburg,Freiburg,0,2,A,0,1,A,17,11,4,4,17,15,7,1,3,0,0,0
Hertha,M'gladbach,1,0,H,1,0,H,10,10,4,1,11,21,2,6,2,2,0,0
FC Koln,Leverkusen,2,2,D,0,2,A,17,9,5,6,10,15,6,6,1,3,0,0
Stuttgart,Union Berlin,1,1,D,0,1,A,8,11,2,3,16,13,1,2,3,1,1,0
Bochum,Ein Frankfurt,2,0,H,1,0,H,19,14,7,6,9,11,4,7,0,2,0,0
Hoffenheim,Hertha,2,0,H,2,0,H,14,5,3,2,15,9,9,4,2,1,0,1
Bielefeld,Mainz,1,2,A,1,1,D,15,16,7,6,16,9,6,6,2,3,0,0
Dortmund,FC Koln,2,0,H,1,0,H,7,19,4,6,10,11,4,3,2,3,0,0
Freiburg,Greuther Furth,3,1,H,2,0,H,12,8,5,4,10,13,5,2,0,2,0,0
Leverkusen,Wolfsburg,0,2,A,0,0,D,12,13,1,8,11,15,10,2,3,2,0,1
Union Berlin,Bayern Munich,2,5,A,1,3,A,9,14,6,6,9,7,6,1,1,1,0,0
Ein Frankfurt,RB Leipzig,1,1,D,0,1,A,12,15,3,7,11,9,5,5,1,1,0,0
Augsburg,Stuttgart,4,1,H,1,1,D,20,12,12,3,15,12,7,5,3,4,0,0
M'gladbach,Bochum,2,1,H,2,0,H,14,11,5,4,7,15,9,1,1,1,0,0
Mainz,M'gladbach,1,1,D,0,1,A,19,11,8,5,15,8,9,1,3,3,0,0
Bayern Munich,Freiburg,2,1,H,1,0,H,29,14,11,4,5,13,6,4,0,0,0,0
Bochum,Hoffenheim,2,0,H,0,0,D,14,9,4,1,7,20,2,4,1,5,0,0
Stuttgart,Bielefeld,0,1,A,0,1,A,9,15,4,2,11,11,8,4,0,3,0,0
Wolfsburg,Augsburg,1,0,H,1,0,H,9,13,4,3,14,13,0,8,2,3,0,0
RB Leipzig,Dortmund,2,1,H,1,0,H,15,9,7,3,12,18,5,6,3,5,0,0
Hertha,Leverkusen,1,1,D,1,0,H,15,8,5,3,13,13,5,6,1,3,0,0
FC Koln,Union Berlin,2,2,D,1,2,A,16,9,5,3,8,19,5,2,2,2,0,0
Greuther Furth,Ein Frankfurt,1,2,A,0,0,D,20,14,2,4,12,17,6,3,4,1,0,0
Augsburg,Bayern Munich,2,1,H,2,1,H,6,18,3,4,18,9,1,10,2,1,0,0
Bielefeld,Wolfsburg,2,2,D,1,0,H,10,13,3,5,15,9,6,5,4,1,0,0
Dortmund,Stuttgart,2,1,H,0,0,D,20,12,4,4,11,14,2,3,0,2,0,0
Hoffenheim,RB Leipzig,2,0,H,1,0,H,24,4,8,0,17,18,7,2,2,2,0,0
Leverkusen,Bochum,1,0,H,1,0,H,11,19,5,7,10,13,7,7,3,2,0,0
M'gladbach,Greuther Furth,4,0,H,3,0,H,19,4,11,2,11,13,7,7,1,3,0,0
Union Berlin,Hertha,2,0,H,2,0,H,16,6,5,3,17,13,7,6,1,1,0,0
Freiburg,Ein Frankfurt,0,2,A,0,2,A,20,13,6,7,10,16,10,4,0,4,0,0
Mainz,FC Koln,1,1,D,1,0,H,11,12,2,6,18,7,5,7,2,1,0,0
Stuttgart,Mainz,2,1,H,1,1,D,8,18,3,5,7,17,5,6,2,2,0,0
Bochum,Freiburg,2,1,H,0,0,D,13,22,5,11,12,13,4,7,2,1,0,0
FC Koln,M'gladbach,4,1,H,0,0,D,15,15,9,5,15,11,4,4,1,3,0,0
Greuther Furth,Hoffenheim,3,6,A,1,2,A,14,20,7,11,17,17,4,10,1,0,0,0
Hertha,Augsburg,1,1,D,1,0,H,10,20,4,7,11,14,5,6,2,3,0,0
Wolfsburg,Dortmund,1,3,A,1,1,D,15,16,7,8,9,11,7,7,4,1,0,0
Bayern Munich,Bielefeld,1,0,H,0,0,D,23,8,9,0,8,13,13,4,1,1,0,0
Ein Frankfurt,Union Berlin,2,1,H,1,0,H,17,7,4,4,4,7,7,2,0,4,0,0
RB Leipzig,Leverkusen,1,3,A,0,2,A,14,11,3,4,10,9,7,2,1,3,0,0
Union Berlin,RB Leipzig,2,1,H,1,1,D,14,11,5,2,12,8,5,7,1,1,0,0
Augsburg,Bochum,2,3,A,0,3,A,16,12,7,6,9,6,13,6,0,2,0,0
Bielefeld,FC Koln,1,1,D,0,1,A,18,9,5,3,14,10,7,1,1,1,0,0
Hoffenheim,Ein Frankfurt,3,2,H,2,1,H,8,17,4,2,9,12,4,6,2,2,0,0
Leverkusen,Greuther Furth,7,1,H,3,1,H,13,8,8,3,13,8,4,3,0,1,0,0
Mainz,Wolfsburg,3,0,H,2,0,H,12,16,5,0,18,10,6,5,1,1,0,0
Dortmund,Bayern Munich,2,3,A,1,2,A,11,16,4,6,10,10,4,6,2,2,0,0
Stuttgart,Hertha,2,2,D,2,1,H,10,15,3,8,9,16,7,5,0,1,0,0
M'gladbach,Freiburg,0,6,A,0,6,A,19,15,3,8,12,15,3,3,2,1,0,0
FC Koln,Augsburg,0,2,A,0,0,D,14,12,4,4,12,15,9,4,2,4,0,0
Bayern Munich,Mainz,2,1,H,0,1,A,21,9,7,4,9,10,7,2,3,3,0,0
Bochum,Dortmund,1,1,D,1,0,H,4,23,3,8,8,18,0,15,0,3,0,0
Freiburg,Hoffenheim,1,2,A,1,1,D,14,14,6,8,13,9,6,7,4,3,0,0
Hertha,Bielefeld,2,0,H,0,0,D,18,9,9,1,10,15,6,4,1,1,0,0
RB Leipzig,M'gladbach,4,1,H,2,0,H,19,12,10,4,20,15,6,0,3,2,0,0
Wolfsburg,Stuttgart,0,2,A,0,1,A,19,12,3,3,17,9,5,3,2,2,0,0
Greuther Furth,Union Berlin,1,0,H,0,0,D,5,14,3,4,12,6,3,7,3,0,0,0
Ein Frankfurt,Leverkusen,5,2,H,2,2,D,15,11,7,4,11,11,7,4,0,3,0,0
Stuttgart,Bayern Munich,0,5,A,0,1,A,13,25,1,12,7,7,1,3,1,1,0,0
Bielefeld,Bochum,2,0,H,0,0,D,13,5,4,3,13,9,6,2,2,2,0,0
Mainz,Hertha,4,0,H,2,0,H,21,7,11,1,10,14,4,1,0,2,0,0
Wolfsburg,FC Koln,2,3,A,1,1,D,19,19,5,6,18,9,9,5,3,2,0,0
M'gladbach,Ein Frankfurt,2,3,A,1,1,D,19,12,8,5,8,19,7,1,2,5,0,1
Augsburg,RB Leipzig,1,1,D,0,1,A,9,13,2,4,14,7,6,8,2,0,0,0
Dortmund,Greuther Furth,3,0,H,1,0,H,12,7,5,1,10,10,5,8,2,2,0,0
Leverkusen,Hoffenheim,2,2,D,1,0,H,17,14,9,6,12,4,6,3,5,3,1,0
Union Berlin,Freiburg,0,0,D,0,0,D,18,8,5,2,10,12,4,3,1,1,0,0
Bayern Munich,Wolfsburg,4,0,H,1,0,H,24,7,9,2,10,4,5,3,0,0,0,0
Bochum,Union Berlin,0,1,A,0,1,A,13,9,3,3,13,9,1,5,2,0,0,0
Ein Frankfurt,Mainz,1,0,H,1,0,H,13,11,4,5,11,9,8,6,0,1,0,0
Greuther Furth,Augsburg,0,0,D,0,0,D,4,14,1,5,8,13,6,5,2,3,0,0
Hoffenheim,M'gladbach,1,1,D,0,1,A,21,11,8,5,6,9,15,3,2,2,0,0
RB Leipzig,Bielefeld,0,2,A,0,0,D,15,4,4,4,6,16,10,1,0,2,0,1
Hertha,Dortmund,3,2,H,0,1,A,14,9,5,3,4,19,1,5,0,1,0,0
Freiburg,Leverkusen,2,1,H,1,1,D,14,6,6,4,6,8,4,8,2,3,0,0
FC Koln,Stuttgart,1,0,H,0,0,D,8,6,2,2,17,13,2,1,3,1,0,0
Bayern Munich,M'gladbach,1,2,A,1,2,A,19,9,8,3,18,11,6,6,0,1,0,0
Freiburg,Bielefeld,2,2,D,1,0,H,18,15,6,5,6,5,7,12,2,1,0,0
Greuther Furth,Stuttgart,0,0,D,0,0,D,10,18,3,3,8,12,1,5,0,1,0,0
Hoffenheim,Augsburg,3,1,H,2,1,H,12,9,5,4,17,8,2,4,1,0,0,0
Leverkusen,Union Berlin,2,2,D,1,1,D,17,17,8,7,8,11,11,5,1,2,0,0
RB Leipzig,Mainz,4,1,H,1,0,H,16,2,8,1,6,10,6,1,0,2,0,1
Ein Frankfurt,Dortmund,2,3,A,2,0,H,12,21,5,8,14,6,4,11,3,2,0,0
Hertha,FC Koln,1,3,A,0,2,A,10,14,5,8,9,16,10,4,3,1,0,0
Bochum,Wolfsburg,1,0,H,0,0,D,12,12,3,4,15,18,4,2,1,2,0,0
Dortmund,Freiburg,5,1,H,3,0,H,20,4,8,4,8,8,9,2,2,0,0,0
FC Koln,Bayern Munich,0,4,A,0,2,A,11,19,3,9,6,10,5,12,1,0,0,0
Mainz,Bochum,1,0,H,0,0,D,20,12,5,3,19,14,7,3,3,3,0,0
Stuttgart,RB Leipzig,0,2,A,0,1,A,16,7,10,3,12,13,5,1,3,1,0,0
Union Berlin,Hoffenheim,2,1,H,1,1,D,6,12,3,5,10,11,0,8,0,3,0,0
Wolfsburg,Hertha,0,0,D,0,0,D,7,6,3,2,12,12,3,2,1,1,0,0
M'gladbach,Leverkusen,1,2,A,0,0,D,16,29,6,13,8,18,5,7,2,3,0,0
Augsburg,Ein Frankfurt,1,1,D,1,1,D,12,14,5,4,12,14,4,3,3,3,0,0
Bielefeld,Greuther Furth,2,2,D,1,1,D,13,6,5,3,16,6,3,5,4,1,0,0
Ein Frankfurt,Bielefeld,0,2,A,0,2,A,17,8,7,5,7,10,10,1,4,2,0,0
Freiburg,Stuttgart,2,0,H,1,0,H,16,7,4,1,12,7,6,3,1,1,0,0
Greuther Furth,Mainz,2,1,H,1,0,H,11,16,7,4,12,15,7,8,1,1,0,0
Hoffenheim,Dortmund,2,3,A,1,1,D,14,3,2,2,14,7,7,3,2,2,0,0
Leverkusen,Augsburg,5,1,H,2,0,H,22,14,12,5,8,7,9,5,1,2,0,0
M'gladbach,Union Berlin,1,2,A,1,1,D,12,6,5,3,11,19,4,1,1,2,0,0
Bochum,FC Koln,2,2,D,1,2,A,17,7,7,3,11,12,1,5,0,3,0,0
RB Leipzig,Wolfsburg,2,0,H,0,0,D,12,9,4,3,17,16,4,3,5,1,0,0
Hertha,Bayern Munich,1,4,A,0,2,A,5,29,2,20,9,9,4,9,1,0,0,0
Hertha,Bochum,1,1,D,1,0,H,13,9,2,4,14,22,4,7,3,1,0,0
Augsburg,Union Berlin,2,0,H,1,0,H,14,14,9,4,8,16,4,6,0,2,0,0
Bielefeld,M'gladbach,1,1,D,1,1,D,10,22,5,4,15,10,5,11,3,3,0,0
FC Koln,Freiburg,1,0,H,1,0,H,14,18,3,2,14,16,8,8,2,2,0,0
Mainz,Hoffenheim,2,0,H,0,0,D,9,12,4,2,12,13,5,3,0,2,0,0
Stuttgart,Ein Frankfurt,2,3,A,1,1,D,15,15,6,6,7,12,3,14,0,0,0,0
Bayern Munich,RB Leipzig,3,2,H,2,1,H,25,13,8,7,11,12,2,0,1,3,0,0
Dortmund,Leverkusen,2,5,A,1,3,A,14,10,6,7,8,10,7,6,1,1,0,0
Wolfsburg,Greuther Furth,4,1,H,1,1,D,11,8,6,4,11,13,2,3,1,2,0,0
RB Leipzig,FC Koln,3,1,H,1,0,H,6,9,4,2,6,11,5,6,1,2,0,0
Bochum,Bayern Munich,4,2,H,4,1,H,12,22,7,4,13,7,4,9,2,1,0,0
Ein Frankfurt,Wolfsburg,0,2,A,0,1,A,16,11,2,3,12,9,10,1,1,2,0,0
Freiburg,Mainz,1,1,D,0,1,A,16,20,5,5,14,15,7,3,0,2,0,0
Greuther Furth,Hertha,2,1,H,1,0,H,19,24,10,8,11,12,8,8,2,4,0,0
M'gladbach,Augsburg,3,2,H,1,0,H,14,14,5,8,8,12,3,2,2,2,0,0
Leverkusen,Stuttgart,4,2,H,1,0,H,20,8,6,5,10,6,10,0,3,2,0,0
Union Berlin,Dortmund,0,3,A,0,2,A,12,10,2,6,20,9,2,5,4,1,0,0
Hoffenheim,Bielefeld,2,0,H,1,0,H,25,8,9,4,12,12,13,3,2,0,0,0
Mainz,Leverkusen,3,2,H,0,1,A,17,8,5,6,15,13,6,2,2,2,0,0
Augsburg,Freiburg,1,2,A,1,2,A,18,15,4,5,11,8,11,4,1,1,0,0
Bielefeld,Union Berlin,1,0,H,0,0,D,11,11,3,4,6,15,6,4,0,2,0,0
Stuttgart,Bochum,1,1,D,0,0,D,15,13,7,5,7,17,6,0,0,4,0,0
Wolfsburg,Hoffenheim,1,2,A,1,0,H,14,10,6,4,10,17,5,2,1,2,0,0
FC Koln,Ein Frankfurt,1,0,H,0,0,D,13,10,8,2,9,16,5,6,1,2,0,0
Bayern Munich,Greuther Furth,4,1,H,0,1,A,22,8,8,3,15,17,6,4,2,1,0,0
Dortmund,M'gladbach,6,0,H,2,0,H,16,8,10,5,17,11,5,5,2,1,0,0
Hertha,RB Leipzig,1,6,A,0,1,A,8,16,4,10,10,8,3,10,2,3,1,0
Hoffenheim,Stuttgart,2,1,H,0,0,D,19,13,7,4,14,13,9,3,3,2,0,0
Freiburg,Hertha,3,0,H,1,0,H,16,17,5,2,13,10,6,6,1,2,0,0
Greuther Furth,FC Koln,1,1,D,0,0,D,13,17,5,5,15,13,7,11,1,2,0,0
Leverkusen,Bielefeld,3,0,H,1,0,H,21,8,9,3,8,10,6,3,0,1,0,0
M'gladbach,Wolfsburg,2,2,D,1,2,A,23,6,11,3,12,14,7,4,2,4,0,1
Union Berlin,Mainz,3,1,H,1,0,H,7,14,3,1,13,18,2,6,4,4,0,1
Ein Frankfurt,Bayern Munich,0,1,A,0,0,D,7,20,2,9,16,3,2,8,1,2,0,0
Bochum,RB Leipzig,0,1,A,0,0,D,13,6,2,1,15,9,5,0,1,1,0,0
Augsburg,Dortmund,1,1,D,0,1,A,8,11,3,7,15,8,5,5,2,1,0,0
Bielefeld,Augsburg,0,1,A,0,0,D,6,7,1,1,12,10,6,1,3,5,0,0
Bayern Munich,Leverkusen,1,1,D,1,1,D,20,9,6,2,10,14,7,2,1,2,0,0
Bochum,Greuther Furth,2,1,H,1,0,H,15,9,9,2,16,14,3,6,2,4,0,0
Hertha,Ein Frankfurt,1,4,A,0,1,A,10,12,4,6,10,16,3,8,2,2,0,0
RB Leipzig,Freiburg,1,1,D,0,1,A,14,4,5,3,8,15,4,1,1,0,0,0
Wolfsburg,Union Berlin,1,0,H,1,0,H,9,17,3,5,12,15,6,10,0,1,0,0
Stuttgart,M'gladbach,3,2,H,1,2,A,18,9,7,3,7,10,5,2,1,2,0,0
FC Koln,Hoffenheim,0,1,A,0,0,D,10,13,3,3,9,12,4,1,1,4,0,0
Freiburg,Wolfsburg,3,2,H,2,0,H,16,11,8,5,11,9,7,5,2,0,0,0
Hoffenheim,Bayern Munich,1,1,D,1,1,D,9,18,6,8,12,9,3,8,4,1,0,0
Union Berlin,Stuttgart,1,1,D,1,0,H,11,11,3,3,25,12,3,3,3,2,0,0
M'gladbach,Hertha,2,0,H,1,0,H,12,12,5,3,7,17,3,6,3,0,0,0
Leverkusen,FC Koln,0,1,A,0,0,D,15,6,3,3,13,19,7,0,2,2,0,0
Dortmund,Bielefeld,1,0,H,1,0,H,20,11,3,4,6,10,4,5,1,1,0,0
Ein Frankfurt,Bochum,2,1,H,0,1,A,14,8,3,4,10,15,9,3,3,4,0,0
Greuther Furth,RB Leipzig,1,6,A,1,4,A,7,12,1,7,9,8,0,2,2,0,0,0
Mainz,Dortmund,0,1,A,0,0,D,10,11,1,4,18,10,5,5,3,4,0,0
Bochum,M'gladbach,0,2,A,0,0,D,15,8,7,5,12,10,7,3,2,1,0,0
Greuther Furth,Freiburg,0,0,D,0,0,D,8,13,1,3,15,9,1,11,1,0,0,0
Hertha,Hoffenheim,3,0,H,1,0,H,13,8,6,0,10,13,1,6,2,1,0,0
Mainz,Bielefeld,4,0,H,1,0,H,14,6,6,0,10,14,6,1,1,0,0,0
Stuttgart,Augsburg,3,2,H,1,2,A,24,10,9,4,13,17,8,0,2,3,0,0
Bayern Munich,Union Berlin,4,0,H,3,0,H,16,9,7,4,8,7,3,2,2,1,0,0
RB Leipzig,Ein Frankfurt,0,0,D,0,0,D,14,5,7,0,6,21,3,2,1,5,0,0
Wolfsburg,Leverkusen,0,2,A,0,0,D,18,17,4,7,6,13,7,7,2,3,0,0
FC Koln,Dortmund,1,1,D,1,1,D,10,9,1,3,13,16,7,5,2,3,0,0
Union Berlin,FC Koln,1,0,H,0,0,D,13,6,5,1,17,11,2,4,3,3,0,0
Bielefeld,Stuttgart,1,1,D,0,1,A,10,14,4,4,13,12,6,2,1,5,0,0
Ein Frankfurt,Greuther Furth,0,0,D,0,0,D,20,4,6,2,10,14,9,0,1,0,0,0
Freiburg,Bayern Munich,1,4,A,0,0,D,8,21,3,11,13,6,1,6,1,1,0,0
Hoffenheim,Bochum,1,2,A,0,1,A,14,20,7,6,9,11,5,6,3,2,0,0
Leverkusen,Hertha,2,1,H,2,1,H,18,7,7,4,13,11,3,3,0,1,0,0
Dortmund,RB Leipzig,1,4,A,0,2,A,10,11,2,5,7,10,7,5,3,1,0,0
Augsburg,Wolfsburg,3,0,H,1,0,H,13,17,5,5,15,11,3,5,1,0,0,0
M'gladbach,Mainz,1,1,D,1,0,H,17,22,8,10,13,20,3,7,2,1,0,0
Augsburg,Mainz,2,1,H,1,0,H,14,17,4,3,16,18,5,7,3,2,0,0
Stuttgart,Dortmund,0,2,A,0,1,A,13,10,2,4,8,6,4,5,2,1,0,0
Bayern Munich,Augsburg,1,0,H,0,0,D,13,6,4,1,10,22,3,3,1,2,0,0
FC Koln,Mainz,3,2,H,0,1,A,13,9,5,6,19,23,8,5,2,2,0,0
Greuther Furth,M'gladbach,0,2,A,0,2,A,10,18,1,7,12,8,3,5,1,0,0,0
Wolfsburg,Bielefeld,4,0,H,2,0,H,11,6,6,3,11,13,3,2,0,1,0,0
Hertha,Union Berlin,1,4,A,0,1,A,12,17,3,13,11,11,2,8,4,0,0,0
Bochum,Leverkusen,0,0,D,0,0,D,11,9,2,2,10,9,2,3,0,0,0,0
Ein Frankfurt,Freiburg,1,2,A,0,1,A,17,12,5,4,13,9,2,4,1,2,0,0
RB Leipzig,Hoffenheim,3,0,H,3,0,H,11,4,4,0,11,15,2,1,1,2,0,0
Augsburg,Hertha,0,1,A,0,0,D,13,11,2,1,14,17,1,7,4,4,0,0
Dortmund,Wolfsburg,6,1,H,5,0,H,12,9,8,4,14,9,4,6,0,2,0,0
Freiburg,Bochum,3,0,H,2,0,H,14,10,8,2,8,10,3,4,0,0,0,1
Mainz,Stuttgart,0,0,D,0,0,D,9,6,0,3,17,12,5,3,0,1,0,0
M'gladbach,FC Koln,1,3,A,0,3,A,18,17,4,6,15,19,5,5,3,2,0,0
Bielefeld,Bayern Munich,0,3,A,0,2,A,8,24,3,9,11,11,5,4,1,2,0,0
Hoffenheim,Greuther Furth,0,0,D,0,0,D,16,7,3,1,19,15,10,1,3,3,0,0
Union Berlin,Ein Frankfurt,2,0,H,2,0,H,14,10,4,3,10,8,4,3,2,1,0,0
Leverkusen,RB Leipzig,0,1,A,0,0,D,12,4,4,1,18,7,7,1,2,1,0,0
Wolfsburg,Mainz,5,0,H,5,0,H,15,5,7,3,10,10,2,3,0,2,0,1
Ein Frankfurt,Hoffenheim,2,2,D,1,1,D,17,11,7,4,10,9,9,7,1,3,0,0
FC Koln,Bielefeld,3,1,H,2,1,H,19,16,6,4,7,15,5,10,2,3,0,0
Freiburg,M'gladbach,3,3,D,0,2,A,19,7,8,4,12,12,8,0,1,4,0,0
Greuther Furth,Leverkusen,1,4,A,1,2,A,9,10,4,5,4,13,6,3,0,0,0,0
RB Leipzig,Union Berlin,1,2,A,0,0,D,5,12,1,4,13,9,2,5,2,2,0,0
Bayern Munich,Dortmund,3,1,H,2,0,H,13,7,6,3,9,11,3,1,0,1,0,0
Bochum,Augsburg,0,2,A,0,2,A,18,12,3,4,10,17,10,4,1,3,0,0
Hertha,Stuttgart,2,0,H,1,0,H,7,12,2,5,10,8,4,6,1,1,0,0
Union Berlin,Greuther Furth,1,1,D,0,1,A,6,7,3,2,14,14,2,4,2,2,0,0
Augsburg,FC Koln,1,4,A,0,2,A,14,18,5,8,14,14,5,7,2,4,0,0
Bielefeld,Hertha,1,1,D,0,0,D,6,9,1,5,14,14,2,6,3,1,0,0
Dortmund,Bochum,3,4,A,2,2,D,19,12,10,5,14,18,10,3,4,3,0,0
Mainz,Bayern Munich,3,1,H,2,1,H,24,4,7,1,11,11,7,8,0,4,0,0
Stuttgart,Wolfsburg,1,1,D,0,1,A,18,15,5,5,9,11,7,9,3,2,0,0
Hoffenheim,Freiburg,3,4,A,1,1,D,17,9,7,5,12,6,4,5,1,0,0,0
Leverkusen,Ein Frankfurt,2,0,H,1,0,H,11,9,3,4,5,8,4,4,0,0,0,0
M'gladbach,RB Leipzig,3,1,H,2,1,H,9,10,6,7,11,20,3,8,4,2,1,0
Bochum,Bielefeld,2,1,H,1,1,D,16,14,9,5,9,12,6,2,0,0,0,0
FC Koln,Wolfsburg,0,1,A,0,1,A,17,5,9,3,12,12,9,2,0,2,0,0
Freiburg,Union Berlin,1,4,A,0,3,A,18,13,4,5,12,14,4,6,1,2,0,0
Greuther Furth,Dortmund,1,3,A,0,1,A,8,8,3,4,15,10,5,2,1,1,0,0
Hoffenheim,Leverkusen,2,4,A,2,1,H,12,15,5,8,14,10,6,7,1,0,0,0
Hertha,Mainz,1,2,A,1,1,D,10,13,1,6,19,18,3,8,3,1,0,0
Ein Frankfurt,M'gladbach,1,1,D,0,1,A,18,11,4,7,6,7,9,1,1,0,0,0
Bayern Munich,Stuttgart,2,2,D,2,1,H,25,15,8,5,10,8,7,4,2,3,1,0
RB Leipzig,Augsburg,4,0,H,1,0,H,14,6,8,1,8,16,5,1,1,2,0,0
Augsburg,Greuther Furth,2,1,H,1,1,D,8,6,3,3,21,20,3,5,2,3,0,0
Bielefeld,RB Leipzig,1,1,D,0,0,D,8,18,4,9,11,8,2,6,1,1,0,0
Dortmund,Hertha,2,1,H,0,1,A,9,4,3,1,11,16,3,1,0,2,0,0
Leverkusen,Freiburg,2,1,H,0,0,D,11,13,5,2,6,12,6,9,2,3,0,0
Mainz,Ein Frankfurt,2,2,D,1,2,A,13,13,4,4,7,11,5,3,2,0,0,0
M'gladbach,Hoffenheim,5,1,H,3,1,H,19,10,9,2,8,12,6,2,1,2,0,0
Stuttgart,FC Koln,2,1,H,1,0,H,24,16,12,3,15,10,8,10,1,4,0,0
Union Berlin,Bochum,3,2,H,2,0,H,17,5,11,3,12,7,1,3,3,2,0,0
Wolfsburg,Bayern Munich,2,2,D,1,2,A,10,25,2,10,5,10,2,12,1,2,0,0
Bayern Munich,Schalke 04,8,0,H,3,0,H,22,5,12,1,11,12,9,2,1,2,0,0
Ein Frankfurt,Bielefeld,1,1,D,0,0,D,18,14,6,4,14,13,14,3,2,2,0,0
FC Koln,Hoffenheim,2,3,A,1,2,A,13,13,6,7,12,13,1,6,0,0,0,0
Stuttgart,Freiburg,2,3,A,0,2,A,22,7,7,6,12,16,7,2,2,2,0,0
Union Berlin,Augsburg,1,3,A,0,1,A,13,9,3,5,9,9,8,1,2,0,0,0
Werder Bremen,Hertha,1,4,A,0,2,A,17,13,7,6,13,17,7,4,2,0,0,0
Dortmund,M'gladbach,3,0,H,1,0,H,9,8,4,2,10,9,1,3,1,1,0,0
RB Leipzig,Mainz,3,1,H,2,0,H,23,8,10,1,5,11,7,5,1,2,0,0
Wolfsburg,Leverkusen,0,0,D,0,0,D,9,6,1,2,13,12,4,4,1,2,0,0
Hertha,Ein Frankfurt,1,3,A,0,2,A,12,10,6,3,13,16,4,3,3,4,0,0
Augsburg,Dortmund,2,0,H,1,0,H,6,16,4,7,7,8,3,11,3,4,0,0
Bielefeld,FC Koln,1,0,H,0,0,D,7,12,3,2,12,15,4,7,3,3,0,0
Leverkusen,RB Leipzig,1,1,D,1,1,D,11,7,4,2,16,10,4,1,1,3,0,0
Mainz,Stuttgart,1,4,A,1,1,D,11,15,3,7,10,17,3,9,2,4,1,1
M'gladbach,Union Berlin,1,1,D,0,0,D,14,15,5,2,11,15,7,5,1,2,0,0
Schalke 04,Werder Bremen,1,3,A,0,2,A,17,17,4,8,20,14,8,3,7,2,1,0
Hoffenheim,Bayern Munich,4,1,H,2,1,H,17,14,8,2,15,11,3,5,3,2,0,0
Freiburg,Wolfsburg,1,1,D,1,1,D,21,8,7,2,10,13,9,1,0,3,0,0
Union Berlin,Mainz,4,0,H,1,0,H,13,5,7,0,13,11,4,2,1,4,0,0
Dortmund,Freiburg,4,0,H,1,0,H,16,6,7,2,8,12,3,2,1,1,0,0
Ein Frankfurt,Hoffenheim,2,1,H,0,1,A,16,11,6,4,12,8,5,7,2,3,0,0
FC Koln,M'gladbach,1,3,A,0,2,A,8,17,3,11,16,12,4,10,3,3,0,0
Stuttgart,Leverkusen,1,1,D,0,1,A,11,15,2,7,8,17,7,12,3,2,0,0
Werder Bremen,Bielefeld,1,0,H,1,0,H,7,10,2,5,12,16,2,1,2,2,0,0
RB Leipzig,Schalke 04,4,0,H,3,0,H,21,4,7,1,13,10,8,1,1,3,0,0
Wolfsburg,Augsburg,0,0,D,0,0,D,17,9,6,1,7,13,12,2,0,1,0,0
Bayern Munich,Hertha,4,3,H,1,0,H,22,9,9,5,13,19,6,1,3,3,0,0
Augsburg,RB Leipzig,0,2,A,0,1,A,6,15,2,6,9,13,5,8,0,1,0,0
Freiburg,Werder Bremen,1,1,D,1,1,D,19,14,4,4,10,14,4,4,3,3,0,0
Hertha,Stuttgart,0,2,A,0,1,A,16,7,4,2,14,10,6,4,2,2,0,0
Hoffenheim,Dortmund,0,1,A,0,0,D,8,15,3,5,13,11,4,6,1,1,0,0
Mainz,Leverkusen,0,1,A,0,1,A,5,9,0,4,12,6,6,2,3,1,0,0
Bielefeld,Bayern Munich,1,4,A,0,3,A,11,16,5,10,6,6,6,10,1,0,0,1
M'gladbach,Wolfsburg,1,1,D,0,0,D,13,14,2,5,14,13,5,4,2,2,0,0
FC Koln,Ein Frankfurt,1,1,D,0,1,A,9,16,5,4,19,18,2,8,3,2,0,0
Schalke 04,Union Berlin,1,1,D,0,0,D,8,13,4,7,7,13,5,7,3,1,0,0
Stuttgart,FC Koln,1,1,D,1,1,D,9,14,4,4,11,13,3,5,2,5,0,0
Bayern Munich,Ein Frankfurt,5,0,H,2,0,H,20,9,10,2,11,12,10,2,3,0,0,0
Mainz,M'gladbach,2,3,A,2,1,H,15,21,7,12,18,11,3,7,5,3,0,0
RB Leipzig,Hertha,2,1,H,1,1,D,29,11,8,3,10,20,7,3,1,4,0,1
Union Berlin,Freiburg,1,1,D,1,1,D,22,8,7,4,9,14,4,2,1,4,0,0
Dortmund,Schalke 04,3,0,H,0,0,D,17,3,7,0,5,15,7,2,0,1,0,0
Wolfsburg,Bielefeld,2,1,H,2,0,H,14,8,4,1,12,10,4,3,2,1,0,0
Werder Bremen,Hoffenheim,1,1,D,1,1,D,5,15,2,6,10,20,1,4,2,2,0,0
Leverkusen,Augsburg,3,1,H,1,0,H,15,7,7,3,14,8,3,3,1,2,0,0
Schalke 04,Stuttgart,1,1,D,1,0,H,9,19,2,5,11,14,3,4,2,2,0,0
Augsburg,Mainz,3,1,H,1,0,H,14,8,7,4,12,10,4,1,5,1,0,0
Bielefeld,Dortmund,0,2,A,0,0,D,5,21,2,10,12,13,0,12,1,1,0,0
Ein Frankfurt,Werder Bremen,1,1,D,0,0,D,14,9,5,4,12,14,5,3,1,3,0,0
FC Koln,Bayern Munich,1,2,A,0,2,A,9,7,2,5,12,13,5,1,1,2,0,0
M'gladbach,RB Leipzig,1,0,H,0,0,D,5,15,4,3,13,17,2,4,2,4,0,0
Freiburg,Leverkusen,2,4,A,1,2,A,8,18,5,7,10,11,4,6,2,2,0,0
Hertha,Wolfsburg,1,1,D,1,1,D,18,11,5,4,8,15,8,6,3,1,0,0
Hoffenheim,Union Berlin,1,3,A,0,0,D,10,9,5,6,19,13,3,6,1,2,1,0
Werder Bremen,FC Koln,1,1,D,0,0,D,18,8,4,1,20,20,1,3,2,2,0,0
Augsburg,Hertha,0,3,A,0,1,A,10,12,2,6,12,10,2,6,3,0,0,0
Mainz,Schalke 04,2,2,D,2,1,H,14,22,7,3,19,13,4,9,1,1,0,0
RB Leipzig,Freiburg,3,0,H,1,0,H,15,8,7,3,14,14,3,4,2,3,0,0
Stuttgart,Ein Frankfurt,2,2,D,2,0,H,16,15,5,8,14,16,10,8,2,4,0,0
Union Berlin,Bielefeld,5,0,H,3,0,H,9,5,8,1,17,9,5,1,0,1,0,0
Dortmund,Bayern Munich,2,3,A,1,1,D,15,16,5,8,15,7,4,3,2,2,0,0
Wolfsburg,Hoffenheim,2,1,H,2,0,H,14,17,8,5,15,14,3,7,1,3,0,0
Leverkusen,M'gladbach,4,3,H,2,2,D,15,15,5,6,15,12,6,2,4,2,0,0
Bayern Munich,Werder Bremen,1,1,D,0,1,A,15,9,3,4,10,10,7,3,1,3,0,0
Bielefeld,Leverkusen,1,2,A,0,1,A,1,10,1,4,6,10,0,10,0,1,0,0
Hoffenheim,Stuttgart,3,3,D,1,2,A,13,20,8,9,15,18,3,4,3,2,0,0
M'gladbach,Augsburg,1,1,D,1,0,H,15,10,6,5,7,12,2,1,1,4,0,1
Schalke 04,Wolfsburg,0,2,A,0,2,A,13,19,6,8,12,11,6,4,0,1,0,0
Ein Frankfurt,RB Leipzig,1,1,D,1,0,H,8,10,3,3,18,12,5,6,3,2,0,0
Hertha,Dortmund,2,5,A,1,0,H,9,15,3,8,12,17,4,3,1,1,0,0
Freiburg,Mainz,1,3,A,0,3,A,19,22,6,8,6,12,9,4,0,1,0,0
FC Koln,Union Berlin,1,2,A,1,1,D,10,10,4,3,12,15,5,4,1,2,0,0
Wolfsburg,Werder Bremen,5,3,H,3,2,H,12,5,6,4,12,12,0,5,2,3,0,1
Augsburg,Freiburg,1,1,D,0,0,D,10,10,2,5,15,8,4,1,3,1,0,0
Dortmund,FC Koln,1,2,A,0,1,A,14,7,4,5,11,10,6,2,1,2,0,0
RB Leipzig,Bielefeld,2,1,H,1,0,H,15,13,7,3,13,15,6,7,2,2,0,0
Stuttgart,Bayern Munich,1,3,A,1,2,A,15,14,4,6,11,13,4,3,0,0,0,0
Union Berlin,Ein Frankfurt,3,3,D,2,2,D,15,12,7,5,12,16,4,5,2,3,0,0
M'gladbach,Schalke 04,4,1,H,2,1,H,19,13,9,2,8,14,5,4,2,3,0,0
Leverkusen,Hertha,0,0,D,0,0,D,14,5,2,3,16,19,6,1,2,1,0,0
Mainz,Hoffenheim,1,1,D,1,0,H,10,9,4,5,16,10,11,5,0,0,0,1
Hertha,Union Berlin,3,1,H,0,1,A,10,4,7,1,15,9,9,2,1,3,0,1
Bielefeld,Mainz,2,1,H,2,0,H,11,15,5,5,16,18,2,3,3,2,0,0
Ein Frankfurt,Dortmund,1,1,D,1,0,H,9,16,1,5,14,6,6,5,6,1,0,0
FC Koln,Wolfsburg,2,2,D,2,1,H,6,16,3,6,12,11,3,8,0,1,0,0
Freiburg,M'gladbach,2,2,D,1,1,D,22,11,7,4,12,19,5,5,1,2,0,0
Bayern Munich,RB Leipzig,3,3,D,2,2,D,10,8,6,4,5,8,10,2,0,1,0,0
Werder Bremen,Stuttgart,1,2,A,0,1,A,14,11,4,7,10,15,2,4,4,4,0,0
Schalke 04,Leverkusen,0,3,A,0,1,A,13,24,4,9,17,11,2,8,2,3,0,0
Hoffenheim,Augsburg,3,1,H,1,1,D,10,13,7,3,15,9,4,3,0,1,0,0
Wolfsburg,Ein Frankfurt,2,1,H,0,0,D,16,7,8,4,10,12,8,1,5,2,0,0
Dortmund,Stuttgart,1,5,A,1,1,D,12,18,4,10,11,13,8,2,2,3,0,0
Freiburg,Bielefeld,2,0,H,0,0,D,16,5,7,1,16,13,5,4,3,0,0,0
Mainz,FC Koln,0,1,A,0,0,D,15,9,4,6,15,11,5,3,4,4,0,1
M'gladbach,Hertha,1,1,D,0,0,D,17,9,4,3,9,18,13,2,3,2,0,0
RB Leipzig,Werder Bremen,2,0,H,2,0,H,15,7,7,2,17,12,1,6,3,1,0,0
Union Berlin,Bayern Munich,1,1,D,1,0,H,13,15,6,5,17,8,4,7,3,2,0,0
Augsburg,Schalke 04,2,2,D,1,0,H,8,15,4,4,17,13,2,3,3,4,1,0
Leverkusen,Hoffenheim,4,1,H,2,0,H,13,11,8,4,12,13,6,5,3,6,0,2
Ein Frankfurt,M'gladbach,3,3,D,3,1,H,11,8,4,4,18,15,4,5,6,4,1,0
Hertha,Mainz,0,0,D,0,0,D,9,5,0,0,17,11,5,4,3,1,0,0
Stuttgart,Union Berlin,2,2,D,0,1,A,13,15,6,6,15,14,2,3,3,3,0,0
Werder Bremen,Dortmund,1,2,A,1,1,D,7,15,3,9,10,13,4,4,3,2,0,0
Schalke 04,Freiburg,0,2,A,0,0,D,10,11,2,5,15,9,2,3,2,1,0,0
Bayern Munich,Wolfsburg,2,1,H,1,1,D,13,17,2,7,14,16,7,7,3,1,0,0
Bielefeld,Augsburg,0,1,A,0,0,D,12,8,2,2,14,15,1,3,1,2,0,0
FC Koln,Leverkusen,0,4,A,0,2,A,7,14,1,7,12,12,2,6,1,1,0,0
Hoffenheim,RB Leipzig,0,1,A,0,0,D,7,4,3,3,16,14,5,5,2,0,0,0
Union Berlin,Dortmund,2,1,H,0,0,D,12,16,5,4,9,7,8,6,1,1,0,0
Augsburg,Ein Frankfurt,0,2,A,0,0,D,15,15,4,6,9,10,2,4,1,4,0,0
Mainz,Werder Bremen,0,1,A,0,0,D,9,13,1,7,15,11,2,5,2,2,0,0
M'gladbach,Hoffenheim,1,2,A,1,0,H,15,14,5,5,13,22,3,3,1,3,1,0
RB Leipzig,FC Koln,0,0,D,0,0,D,14,4,6,1,11,8,8,2,1,0,0,0
Schalke 04,Bielefeld,0,1,A,0,0,D,11,8,5,3,17,19,1,6,6,5,0,0
Leverkusen,Bayern Munich,1,2,A,1,1,D,8,14,3,3,13,6,5,7,1,1,0,0
Freiburg,Hertha,4,1,H,1,0,H,17,10,9,3,9,16,7,3,0,0,0,0
Wolfsburg,Stuttgart,1,0,H,0,0,D,13,9,4,1,15,7,4,6,2,3,0,0
Bielefeld,M'gladbach,0,1,A,0,0,D,7,22,0,7,8,7,3,14,2,1,0,0
Ein Frankfurt,Leverkusen,2,1,H,1,1,D,10,10,4,2,9,6,2,7,0,0,0,0
FC Koln,Augsburg,0,1,A,0,0,D,12,11,2,4,20,12,8,3,2,3,0,0
Hoffenheim,Freiburg,1,3,A,0,3,A,13,7,6,4,14,22,8,3,2,2,0,0
Werder Bremen,Union Berlin,0,2,A,0,2,A,10,9,2,2,15,14,6,5,2,4,0,0
Hertha,Schalke 04,3,0,H,1,0,H,20,10,10,4,11,18,9,5,2,2,0,0
Stuttgart,RB Leipzig,0,1,A,0,0,D,10,22,1,9,10,10,3,6,2,1,0,0
Dortmund,Wolfsburg,2,0,H,0,0,D,14,22,7,5,9,12,10,5,3,1,0,0
Bayern Munich,Mainz,5,2,H,0,2,A,19,12,12,7,11,9,10,2,2,1,0,0
M'gladbach,Bayern Munich,3,2,H,2,2,D,8,15,4,4,9,11,3,8,1,1,0,0
Freiburg,FC Koln,5,0,H,2,0,H,12,5,6,2,14,10,1,3,0,0,0,0
Leverkusen,Werder Bremen,1,1,D,0,0,D,12,3,3,1,22,13,3,1,2,2,0,0
Mainz,Ein Frankfurt,0,2,A,0,1,A,8,15,0,7,17,15,3,7,2,1,0,0
Schalke 04,Hoffenheim,4,0,H,1,0,H,12,18,5,5,14,13,5,4,2,4,0,0
Union Berlin,Wolfsburg,2,2,D,1,1,D,13,11,6,5,16,13,5,3,3,1,0,1
RB Leipzig,Dortmund,1,3,A,0,0,D,12,15,4,7,8,12,3,3,0,2,0,0
Augsburg,Stuttgart,1,4,A,0,2,A,14,27,4,11,7,12,4,11,3,2,1,0
Bielefeld,Hertha,1,0,H,0,0,D,12,10,2,6,8,18,8,3,1,1,0,0
Union Berlin,Leverkusen,1,0,H,0,0,D,10,12,2,4,9,10,2,3,1,2,0,0
Dortmund,Mainz,1,1,D,0,0,D,17,8,7,3,10,19,1,2,1,2,0,0
FC Koln,Hertha,0,0,D,0,0,D,8,14,2,3,13,19,5,4,2,3,0,0
Hoffenheim,Bielefeld,0,0,D,0,0,D,11,8,5,2,9,21,5,3,1,1,0,0
Werder Bremen,Augsburg,2,0,H,0,0,D,10,6,5,2,10,18,4,4,0,1,0,0
Wolfsburg,RB Leipzig,2,2,D,2,1,H,8,13,2,9,16,9,6,6,4,3,0,0
Stuttgart,M'gladbach,2,2,D,0,1,A,19,8,7,5,11,20,5,2,2,3,0,0
Bayern Munich,Freiburg,2,1,H,1,0,H,25,8,9,3,4,14,14,3,1,2,0,0
Ein Frankfurt,Schalke 04,3,1,H,1,1,D,20,5,11,1,8,10,8,2,0,1,0,0
M'gladbach,Werder Bremen,1,0,H,0,0,D,11,11,6,2,15,11,7,5,2,2,0,0
Hertha,Hoffenheim,0,3,A,0,1,A,13,11,2,6,16,16,3,2,1,1,0,0
Leverkusen,Dortmund,2,1,H,1,0,H,23,15,13,3,13,8,6,5,2,2,0,0
Mainz,Wolfsburg,0,2,A,0,0,D,8,8,0,2,17,15,2,5,1,2,0,0
Schalke 04,FC Koln,1,2,A,0,1,A,15,12,8,4,7,11,5,8,2,1,0,0
Augsburg,Bayern Munich,0,1,A,0,1,A,9,17,0,4,15,11,5,7,2,0,0,0
Bielefeld,Stuttgart,3,0,H,1,0,H,9,11,3,3,9,9,2,6,1,0,0,0
Freiburg,Ein Frankfurt,2,2,D,1,1,D,11,17,4,4,10,15,4,5,3,3,0,0
RB Leipzig,Union Berlin,1,0,H,0,0,D,15,4,5,1,6,11,5,1,1,1,0,0
M'gladbach,Dortmund,4,2,H,2,2,D,10,16,7,7,9,9,3,7,1,0,0,0
Augsburg,Union Berlin,2,1,H,1,1,D,8,9,4,5,13,21,2,3,3,1,0,0
Bielefeld,Ein Frankfurt,1,5,A,1,3,A,8,15,4,8,14,22,0,8,2,2,0,0
Freiburg,Stuttgart,2,1,H,2,1,H,9,27,4,11,20,12,3,5,2,0,0,0
Leverkusen,Wolfsburg,0,1,A,0,1,A,10,8,4,4,13,7,6,2,1,1,0,0
Mainz,RB Leipzig,3,2,H,2,2,D,10,12,4,5,13,16,3,9,2,4,0,0
Hertha,Werder Bremen,1,4,A,1,2,A,18,7,10,5,16,12,7,1,2,3,0,0
Schalke 04,Bayern Munich,0,4,A,0,1,A,14,32,4,14,5,9,3,7,1,1,0,0
Hoffenheim,FC Koln,3,0,H,2,0,H,13,13,4,4,8,13,6,9,2,3,0,0
Stuttgart,Mainz,2,0,H,0,0,D,9,10,3,2,9,20,2,4,1,4,0,0
Bayern Munich,Hoffenheim,4,1,H,2,1,H,15,15,9,5,10,8,10,4,1,0,0,0
Dortmund,Augsburg,3,1,H,1,1,D,14,5,5,1,12,11,10,1,0,1,0,0
Ein Frankfurt,Hertha,3,1,H,0,0,D,17,11,8,4,17,14,4,7,1,4,0,0
Union Berlin,M'gladbach,1,1,D,1,0,H,13,12,3,4,12,13,2,9,1,3,0,0
Werder Bremen,Schalke 04,1,1,D,0,1,A,15,6,6,1,11,20,6,1,0,4,0,0
RB Leipzig,Leverkusen,1,0,H,0,0,D,16,8,2,4,11,15,6,6,2,2,0,0
FC Koln,Bielefeld,3,1,H,2,0,H,14,9,7,3,15,17,3,5,2,1,0,0
Wolfsburg,Freiburg,3,0,H,2,0,H,12,9,6,2,13,10,5,10,0,0,0,0
Hertha,Bayern Munich,0,1,A,0,1,A,11,17,7,7,12,15,3,11,2,1,0,0
Augsburg,Wolfsburg,0,2,A,0,1,A,9,17,1,9,10,15,7,4,2,0,0,0
Freiburg,Dortmund,2,1,H,0,0,D,6,16,3,5,12,12,1,1,1,2,0,0
Leverkusen,Stuttgart,5,2,H,2,0,H,25,14,11,7,12,9,4,4,0,0,0,0
Mainz,Union Berlin,1,0,H,1,0,H,9,10,5,3,12,11,3,1,2,5,0,1
Schalke 04,RB Leipzig,0,3,A,0,1,A,3,24,1,10,14,16,1,7,2,1,0,0
M'gladbach,FC Koln,1,2,A,1,1,D,10,7,2,3,17,11,4,1,4,2,0,0
Hoffenheim,Ein Frankfurt,1,3,A,0,1,A,8,9,2,5,15,12,4,7,0,3,0,0
RB Leipzig,Augsburg,2,1,H,2,0,H,16,4,6,2,23,15,3,4,3,5,0,0
Dortmund,Hoffenheim,2,2,D,1,1,D,6,12,3,6,21,16,1,7,3,7,0,0
Leverkusen,Mainz,2,2,D,1,0,H,11,19,5,6,13,17,2,2,5,1,0,0
Stuttgart,Hertha,1,1,D,1,0,H,11,11,3,3,21,17,1,5,2,2,0,0
Werder Bremen,Freiburg,0,0,D,0,0,D,12,8,4,2,4,20,4,1,0,2,0,0
Union Berlin,Schalke 04,0,0,D,0,0,D,19,6,3,1,14,15,1,6,3,2,0,0
Ein Frankfurt,FC Koln,2,0,H,0,0,D,17,6,7,1,14,4,7,2,3,1,0,0
Wolfsburg,M'gladbach,0,0,D,0,0,D,18,12,6,4,10,11,9,6,1,3,0,0
Bayern Munich,Bielefeld,3,3,D,0,2,A,19,7,11,3,7,13,5,2,1,1,0,0
Bielefeld,Wolfsburg,0,3,A,0,1,A,7,11,2,6,10,14,3,8,0,2,0,0
Ein Frankfurt,Bayern Munich,2,1,H,2,0,H,12,22,6,6,12,7,6,10,2,1,0,0
FC Koln,Stuttgart,0,1,A,0,0,D,9,9,0,3,15,10,0,6,2,1,0,0
Freiburg,Union Berlin,0,1,A,0,0,D,9,15,1,4,15,14,2,4,2,2,0,0
M'gladbach,Mainz,1,2,A,1,1,D,12,8,3,6,10,16,4,4,1,1,0,0
Schalke 04,Dortmund,0,4,A,0,2,A,13,9,2,6,9,13,4,2,2,2,0,0
Augsburg,Leverkusen,1,1,D,1,0,H,6,10,3,3,16,13,1,4,2,4,0,0
Hertha,RB Leipzig,0,3,A,0,1,A,8,14,4,7,10,8,3,4,1,1,0,0
Hoffenheim,Werder Bremen,4,0,H,2,0,H,12,3,6,1,16,12,6,3,2,2,0,0
Werder Bremen,Ein Frankfurt,2,1,H,0,1,A,9,13,5,4,9,15,2,8,4,3,0,0
Bayern Munich,FC Koln,5,1,H,2,0,H,15,6,7,3,7,9,4,4,2,1,0,0
Dortmund,Bielefeld,3,0,H,0,0,D,20,8,9,2,12,16,5,2,0,3,0,0
Stuttgart,Schalke 04,5,1,H,3,1,H,19,11,10,5,15,18,11,9,2,3,0,0
Wolfsburg,Hertha,2,0,H,1,0,H,11,7,2,2,15,14,3,5,5,0,1,0
RB Leipzig,M'gladbach,3,2,H,0,2,A,21,5,11,2,20,15,3,4,2,2,0,0
Union Berlin,Hoffenheim,1,1,D,1,1,D,4,15,1,4,13,12,3,4,0,2,0,0
Mainz,Augsburg,0,1,A,0,1,A,10,8,5,3,9,7,5,3,1,2,0,0
Leverkusen,Freiburg,1,2,A,0,0,D,21,6,5,3,12,11,8,3,2,3,0,0
Schalke 04,Mainz,0,0,D,0,0,D,2,19,2,2,10,16,2,6,2,2,0,0
Ein Frankfurt,Stuttgart,1,1,D,0,0,D,19,8,8,1,15,17,13,4,2,3,0,0
Freiburg,RB Leipzig,0,3,A,0,1,A,5,13,1,8,10,13,1,2,1,1,0,0
Hertha,Augsburg,2,1,H,0,1,A,17,7,7,4,15,13,6,1,2,3,0,0
Hoffenheim,Wolfsburg,2,1,H,2,1,H,9,17,4,5,13,15,2,6,2,4,0,1
M'gladbach,Leverkusen,0,1,A,0,0,D,7,13,3,5,6,10,7,8,0,2,0,0
Bayern Munich,Dortmund,4,2,H,2,2,D,25,4,9,3,8,13,6,0,1,1,0,0
FC Koln,Werder Bremen,1,1,D,0,0,D,16,11,4,5,13,10,9,3,2,0,0,0
Bielefeld,Union Berlin,0,0,D,0,0,D,5,7,3,3,9,5,3,3,0,0,0,0
Bielefeld,Werder Bremen,0,2,A,0,0,D,22,5,7,2,12,9,9,0,0,2,1,0
Augsburg,M'gladbach,3,1,H,0,0,D,10,28,3,7,6,10,1,10,0,0,0,0
Mainz,Freiburg,1,0,H,0,0,D,10,13,7,3,25,15,0,4,1,3,0,0
Union Berlin,FC Koln,2,1,H,0,1,A,13,9,8,5,20,13,6,6,2,3,0,0
Werder Bremen,Bayern Munich,1,3,A,0,2,A,9,22,4,6,5,9,3,8,1,0,0,0
Wolfsburg,Schalke 04,5,0,H,1,0,H,16,7,7,2,12,8,3,8,0,1,0,0
Dortmund,Hertha,2,0,H,0,0,D,14,4,4,0,6,11,7,0,1,1,0,1
Leverkusen,Bielefeld,1,2,A,0,1,A,20,10,8,5,16,9,9,5,2,1,0,0
RB Leipzig,Ein Frankfurt,1,1,D,0,0,D,14,5,8,2,14,21,4,3,2,3,0,0
Stuttgart,Hoffenheim,2,0,H,1,0,H,7,16,4,5,14,9,4,4,0,2,0,0
Bielefeld,RB Leipzig,0,1,A,0,0,D,5,20,0,8,10,12,1,7,2,1,0,0
Bayern Munich,Stuttgart,4,0,H,4,0,H,15,12,7,4,10,12,1,3,1,2,1,0
Ein Frankfurt,Union Berlin,5,2,H,4,2,H,9,24,5,8,9,10,2,4,1,2,0,0
FC Koln,Dortmund,2,2,D,1,1,D,10,13,2,4,4,12,5,2,1,1,0,0
Werder Bremen,Wolfsburg,1,2,A,1,2,A,11,16,4,5,15,15,3,9,3,1,0,0
Schalke 04,M'gladbach,0,3,A,0,1,A,4,21,1,7,8,8,2,7,1,2,0,0
Hoffenheim,Mainz,1,2,A,1,2,A,8,16,2,7,14,12,2,9,0,0,0,0
Hertha,Leverkusen,3,0,H,3,0,H,13,9,10,1,10,20,4,8,0,2,0,0
Freiburg,Augsburg,2,0,H,0,0,D,10,19,3,8,21,13,3,5,7,2,0,0
Augsburg,Hoffenheim,2,1,H,2,0,H,7,16,2,6,7,11,2,10,1,1,0,0
Dortmund,Ein Frankfurt,1,2,A,1,1,D,20,15,7,3,9,12,10,2,0,3,0,0
Leverkusen,Schalke 04,2,1,H,1,0,H,6,4,2,2,13,9,5,4,1,0,0,0
Mainz,Bielefeld,1,1,D,0,0,D,12,9,5,2,27,10,2,3,4,1,0,0
Wolfsburg,FC Koln,1,0,H,0,0,D,13,10,6,1,18,11,5,4,2,1,0,0
RB Leipzig,Bayern Munich,0,1,A,0,1,A,13,9,3,5,13,9,8,4,3,2,0,0
M'gladbach,Freiburg,2,1,H,0,1,A,19,7,5,4,11,14,0,3,1,3,0,0
Stuttgart,Werder Bremen,1,0,H,0,0,D,14,9,3,2,8,8,6,0,1,2,0,0
Union Berlin,Hertha,1,1,D,1,1,D,11,4,3,1,13,12,2,3,2,4,0,0
Bielefeld,Freiburg,1,0,H,0,0,D,14,10,4,2,8,10,4,2,3,2,0,0
Bayern Munich,Union Berlin,1,1,D,0,0,D,14,6,2,2,10,12,8,1,2,0,0,0
Ein Frankfurt,Wolfsburg,4,3,H,2,1,H,9,20,5,7,11,13,3,7,3,2,0,0
Hertha,M'gladbach,2,2,D,1,2,A,24,7,8,4,12,17,11,3,2,1,0,1
Werder Bremen,RB Leipzig,1,4,A,0,3,A,11,8,2,4,13,10,2,2,0,0,0,0
Stuttgart,Dortmund,2,3,A,1,0,H,13,18,3,7,13,11,3,8,4,2,0,0
Schalke 04,Augsburg,1,0,H,1,0,H,7,13,2,4,10,14,4,6,0,2,0,0
FC Koln,Mainz,2,3,A,1,1,D,22,9,4,6,14,14,2,5,2,1,0,0
Hoffenheim,Leverkusen,0,0,D,0,0,D,2,7,0,5,14,12,1,1,1,1,0,0
RB Leipzig,Hoffenheim,0,0,D,0,0,D,14,6,2,0,14,13,4,1,0,2,0,0
Augsburg,Bielefeld,0,0,D,0,0,D,9,8,3,1,10,9,7,3,4,1,0,0
Freiburg,Schalke 04,4,0,H,2,0,H,13,4,8,2,15,12,3,4,2,1,0,0
M'gladbach,Ein Frankfurt,4,0,H,1,0,H,19,16,4,5,11,10,7,8,2,4,0,0
Union Berlin,Stuttgart,2,1,H,2,0,H,9,9,4,2,15,12,4,4,2,3,0,0
Wolfsburg,Bayern Munich,2,3,A,1,3,A,7,14,3,9,16,8,6,5,2,1,0,0
Leverkusen,FC Koln,3,0,H,1,0,H,8,14,5,2,12,12,2,3,1,1,0,0
Dortmund,Werder Bremen,4,1,H,3,1,H,19,10,9,3,8,14,7,4,1,4,0,0
FC Koln,RB Leipzig,2,1,H,0,0,D,5,23,3,6,9,16,0,8,2,3,0,0
Bayern Munich,Leverkusen,2,0,H,2,0,H,26,6,9,3,6,14,7,3,0,0,0,0
Bielefeld,Schalke 04,1,0,H,0,0,D,10,3,5,0,14,12,4,2,3,5,0,1
Ein Frankfurt,Augsburg,2,0,H,1,0,H,12,14,4,4,18,8,7,5,3,1,0,0
Dortmund,Union Berlin,2,0,H,1,0,H,21,6,11,2,12,10,4,3,2,1,0,0
Hoffenheim,M'gladbach,3,2,H,0,2,A,19,5,6,3,9,5,5,4,3,0,0,0
Stuttgart,Wolfsburg,1,3,A,0,2,A,11,13,4,4,12,11,4,1,3,0,0,0
Werder Bremen,Mainz,0,1,A,0,1,A,18,13,4,5,7,13,10,4,1,2,0,0
Augsburg,FC Koln,2,3,A,0,3,A,13,14,5,6,17,13,6,3,2,3,0,0
Freiburg,Hoffenheim,1,1,D,0,1,A,15,16,7,4,10,12,6,5,1,2,0,0
Mainz,Bayern Munich,2,1,H,2,0,H,8,17,4,4,12,15,2,3,3,4,0,0
Union Berlin,Werder Bremen,3,1,H,0,0,D,17,9,6,5,10,8,11,2,0,0,0,0
Wolfsburg,Dortmund,0,2,A,0,1,A,21,8,2,4,10,12,10,2,1,3,0,1
Leverkusen,Ein Frankfurt,3,1,H,0,0,D,18,12,10,4,9,8,5,6,1,1,0,0
RB Leipzig,Stuttgart,2,0,H,0,0,D,24,2,11,0,19,8,10,1,2,0,0,1
M'gladbach,Bielefeld,5,0,H,3,0,H,20,10,12,5,11,8,4,1,1,1,0,0
Mainz,Hertha,1,1,D,1,1,D,16,7,9,5,18,13,6,4,2,3,0,0
Hertha,Freiburg,3,0,H,2,0,H,13,15,6,4,10,13,4,6,4,3,0,0
Stuttgart,Augsburg,2,1,H,1,0,H,14,20,6,9,14,12,2,12,0,0,0,0
Dortmund,RB Leipzig,3,2,H,1,0,H,15,14,4,7,8,13,7,7,1,1,0,0
Hoffenheim,Schalke 04,4,2,H,0,2,A,20,6,12,3,11,12,9,3,1,2,0,0
Werder Bremen,Leverkusen,0,0,D,0,0,D,13,14,2,4,9,14,4,6,3,2,1,0
Wolfsburg,Union Berlin,3,0,H,1,0,H,17,9,8,1,9,9,4,3,1,0,0,0
Bayern Munich,M'gladbach,6,0,H,4,0,H,22,14,7,2,3,9,5,3,0,2,1,0
FC Koln,Freiburg,1,4,A,0,2,A,18,11,2,6,15,16,3,2,2,2,0,0
Ein Frankfurt,Mainz,1,1,D,0,1,A,14,6,4,3,10,14,8,2,2,0,0,0
Hertha,Bielefeld,0,0,D,0,0,D,11,12,4,5,13,9,4,3,3,4,0,0
Schalke 04,Hertha,1,2,A,1,1,D,12,18,1,6,9,11,1,7,3,5,0,1
Augsburg,Werder Bremen,2,0,H,0,0,D,15,16,7,5,12,17,5,5,3,3,1,1
Bielefeld,Hoffenheim,1,1,D,1,1,D,17,7,6,3,5,8,10,4,1,2,0,0
Freiburg,Bayern Munich,2,2,D,1,1,D,13,16,4,6,10,13,4,8,1,2,0,0
Hertha,FC Koln,0,0,D,0,0,D,1,11,1,3,11,12,1,5,2,2,0,0
Leverkusen,Union Berlin,1,1,D,1,0,H,9,15,4,6,9,16,4,5,2,2,0,0
M'gladbach,Stuttgart,1,2,A,1,0,H,9,11,4,7,14,14,2,1,2,4,0,0
Schalke 04,Ein Frankfurt,4,3,H,1,1,D,11,24,6,9,9,11,1,13,0,2,0,0
Mainz,Dortmund,1,3,A,0,2,A,9,13,5,4,9,11,4,2,0,0,0,0
RB Leipzig,Wolfsburg,2,2,D,0,2,A,14,12,4,4,13,15,11,3,3,3,0,0
Bayern Munich,Augsburg,5,2,H,4,0,H,24,9,13,5,6,9,10,2,1,1,0,0
Dortmund,Leverkusen,3,1,H,1,0,H,10,16,4,7,6,8,3,6,0,0,0,0
Ein Frankfurt,Freiburg,3,1,H,0,0,D,18,11,11,6,7,10,8,1,1,0,0,0
FC Koln,Schalke 04,1,0,H,0,0,D,20,7,10,1,14,12,8,4,1,2,0,0
Hoffenheim,Hertha,2,1,H,0,1,A,21,9,5,5,8,5,4,3,0,0,0,0
Stuttgart,Bielefeld,0,2,A,0,0,D,11,11,0,3,12,11,3,6,1,0,0,0
Union Berlin,RB Leipzig,2,1,H,0,0,D,11,17,5,7,15,10,7,3,2,1,0,0
Werder Bremen,M'gladbach,2,4,A,0,1,A,16,15,8,8,19,12,3,5,1,2,0,0
Wolfsburg,Mainz,2,3,A,0,1,A,16,14,5,8,12,19,7,7,3,3,0,0
Bayern Munich,Hertha,2,2,D,1,2,A,17,6,7,3,6,17,12,0,3,3,0,0
Dortmund,Augsburg,5,1,H,1,1,D,23,5,10,1,8,6,10,0,0,0,0,0
Freiburg,Mainz,3,0,H,0,0,D,19,19,8,5,6,15,5,5,1,3,0,0
Leverkusen,Paderborn,3,2,H,2,2,D,13,11,4,6,8,9,6,6,2,0,0,0
Werder Bremen,Fortuna Dusseldorf,1,3,A,0,1,A,23,12,10,7,8,13,14,5,0,2,0,0
Wolfsburg,FC Koln,2,1,H,1,0,H,14,11,5,2,14,18,2,6,1,3,0,0
M'gladbach,Schalke 04,0,0,D,0,0,D,16,8,4,1,8,10,8,3,3,2,0,0
Ein Frankfurt,Hoffenheim,1,0,H,1,0,H,17,10,8,1,16,9,10,5,3,1,0,0
Union Berlin,RB Leipzig,0,4,A,0,3,A,13,14,2,8,14,5,3,6,1,0,0,0
FC Koln,Dortmund,1,3,A,1,0,H,13,14,1,6,11,10,7,8,2,1,0,0
Augsburg,Union Berlin,1,1,D,0,0,D,12,13,4,1,16,19,3,4,3,1,0,1
Fortuna Dusseldorf,Leverkusen,1,3,A,0,3,A,11,11,6,7,14,10,1,5,3,2,0,0
Hoffenheim,Werder Bremen,3,2,H,0,1,A,10,18,3,6,13,15,3,6,2,5,0,1
Mainz,M'gladbach,1,3,A,1,1,D,21,15,4,6,12,14,3,5,2,2,0,0
Paderborn,Freiburg,1,3,A,1,2,A,15,9,2,4,20,6,9,5,3,1,0,0
Schalke 04,Bayern Munich,0,3,A,0,1,A,9,10,2,6,11,10,3,4,0,0,0,0
RB Leipzig,Ein Frankfurt,2,1,H,1,0,H,13,11,5,5,10,13,4,1,2,3,0,0
Hertha,Wolfsburg,0,3,A,0,1,A,8,9,2,4,15,11,2,5,1,0,0,0
M'gladbach,RB Leipzig,1,3,A,0,1,A,11,14,3,6,17,19,9,5,3,2,0,0
Bayern Munich,Mainz,6,1,H,2,1,H,19,7,10,4,16,12,10,1,3,3,0,0
Freiburg,FC Koln,1,2,A,1,0,H,14,9,1,3,6,15,5,6,0,2,0,0
Leverkusen,Hoffenheim,0,0,D,0,0,D,20,6,2,1,7,11,19,0,2,2,0,0
Schalke 04,Hertha,3,0,H,1,0,H,9,9,2,3,13,9,5,3,1,1,0,0
Wolfsburg,Paderborn,1,1,D,0,1,A,15,7,5,3,8,12,8,3,0,3,0,0
Union Berlin,Dortmund,3,1,H,1,1,D,15,13,7,2,13,2,7,4,0,0,0,0
Werder Bremen,Augsburg,3,2,H,2,1,H,15,12,5,6,9,11,4,2,1,4,0,1
Ein Frankfurt,Fortuna Dusseldorf,2,1,H,0,1,A,15,14,8,4,13,15,4,1,2,4,0,0
Fortuna Dusseldorf,Wolfsburg,1,1,D,1,1,D,12,15,3,6,7,14,3,8,0,2,0,0
Augsburg,Ein Frankfurt,2,1,H,2,0,H,9,23,6,3,8,8,2,11,2,1,0,0
Dortmund,Leverkusen,4,0,H,1,0,H,11,22,9,12,9,11,3,3,0,3,0,0
FC Koln,M'gladbach,0,1,A,0,1,A,14,15,7,4,22,17,4,7,2,2,0,0
Mainz,Hertha,2,1,H,1,0,H,14,16,5,8,16,11,6,3,2,2,0,0
Union Berlin,Werder Bremen,1,2,A,1,1,D,12,16,5,7,23,10,7,4,3,4,1,1
RB Leipzig,Bayern Munich,1,1,D,1,1,D,12,14,6,7,11,4,3,6,4,2,0,0
Hoffenheim,Freiburg,0,3,A,0,2,A,22,16,5,8,10,6,12,4,0,2,0,0
Paderborn,Schalke 04,1,5,A,1,1,D,9,18,1,11,17,12,3,5,2,1,0,0
Schalke 04,Mainz,2,1,H,1,0,H,19,14,6,3,7,15,5,5,1,1,0,0
Bayern Munich,FC Koln,4,0,H,1,0,H,24,16,5,2,15,20,12,4,4,0,0,1
Freiburg,Augsburg,1,1,D,1,1,D,17,12,5,2,13,13,7,4,1,1,0,0
Hertha,Paderborn,2,1,H,1,0,H,6,17,4,8,13,15,1,8,4,4,0,0
Leverkusen,Union Berlin,2,0,H,2,0,H,20,4,7,0,10,10,8,1,0,1,0,1
Werder Bremen,RB Leipzig,0,3,A,0,2,A,11,14,1,7,11,13,4,7,0,3,0,1
M'gladbach,Fortuna Dusseldorf,2,1,H,0,1,A,23,18,11,4,14,11,10,4,2,3,0,0
Ein Frankfurt,Dortmund,2,2,D,1,1,D,17,15,3,7,18,10,5,8,2,2,0,0
Wolfsburg,Hoffenheim,1,1,D,1,1,D,12,11,4,5,11,18,4,6,2,4,0,0
Union Berlin,Ein Frankfurt,1,2,A,0,0,D,12,14,5,6,11,12,4,5,1,1,0,0
Augsburg,Leverkusen,0,3,A,0,1,A,8,11,1,5,16,9,1,3,4,0,0,0
Hoffenheim,M'gladbach,0,3,A,0,1,A,17,11,4,5,10,11,2,5,2,2,0,0
Mainz,Wolfsburg,0,1,A,0,1,A,15,4,5,3,9,15,10,1,2,3,0,0
Paderborn,Bayern Munich,2,3,A,0,1,A,10,18,5,6,7,6,11,5,1,1,0,0
RB Leipzig,Schalke 04,1,3,A,0,2,A,17,13,6,8,13,11,8,4,1,1,0,0
Dortmund,Werder Bremen,2,2,D,2,1,H,19,11,7,5,8,10,9,2,1,0,0,0
Fortuna Dusseldorf,Freiburg,1,2,A,1,1,D,17,9,7,3,9,9,5,1,2,2,0,0
FC Koln,Hertha,0,4,A,0,1,A,8,10,3,6,11,13,8,4,1,0,1,0
Hertha,Fortuna Dusseldorf,3,1,H,2,1,H,16,9,3,3,17,18,9,2,3,3,0,0
Bayern Munich,Hoffenheim,1,2,A,0,0,D,20,8,4,5,8,12,9,3,2,0,0,0
Freiburg,Dortmund,2,2,D,0,1,A,6,8,1,4,10,8,3,11,0,3,0,0
Leverkusen,RB Leipzig,1,1,D,0,0,D,11,11,8,5,11,12,4,0,2,2,0,0
Paderborn,Mainz,1,2,A,1,2,A,16,18,7,7,8,18,7,10,1,4,0,0
Schalke 04,FC Koln,1,1,D,0,0,D,15,9,3,5,15,15,6,4,4,4,0,0
M'gladbach,Augsburg,5,1,H,4,0,H,13,13,9,3,9,9,2,7,1,2,0,0
Wolfsburg,Union Berlin,1,0,H,0,0,D,13,14,4,3,17,15,5,4,2,2,0,0
Ein Frankfurt,Werder Bremen,2,2,D,0,1,A,24,11,7,5,12,8,10,1,2,1,0,0
Ein Frankfurt,Leverkusen,3,0,H,2,0,H,10,19,5,10,11,12,4,1,1,1,0,0
Augsburg,Bayern Munich,2,2,D,1,1,D,9,24,7,9,10,6,3,7,3,3,0,0
Fortuna Dusseldorf,Mainz,1,0,H,0,0,D,20,7,4,1,10,17,8,1,2,4,0,1
RB Leipzig,Wolfsburg,1,1,D,0,0,D,13,14,5,6,10,9,3,3,1,3,0,0
Union Berlin,Freiburg,2,0,H,1,0,H,18,12,5,4,21,13,3,4,3,0,0,0
Werder Bremen,Hertha,1,1,D,1,0,H,15,11,5,2,8,11,7,5,1,1,0,0
Dortmund,M'gladbach,1,0,H,0,0,D,20,13,7,3,13,15,10,8,1,2,0,0
FC Koln,Paderborn,3,0,H,1,0,H,16,9,6,1,6,7,6,9,0,0,0,0
Hoffenheim,Schalke 04,2,0,H,0,0,D,9,11,3,1,12,14,3,8,2,2,0,0
Mainz,FC Koln,3,1,H,1,1,D,18,16,6,8,20,9,5,10,2,2,0,0
Bayern Munich,Union Berlin,2,1,H,1,0,H,21,6,10,4,9,15,8,2,0,1,0,0
Freiburg,RB Leipzig,2,1,H,1,0,H,14,25,3,6,10,9,5,4,3,1,0,0
Hertha,Hoffenheim,2,3,A,0,2,A,13,17,4,8,17,12,4,4,3,3,1,0
Paderborn,Fortuna Dusseldorf,2,0,H,1,0,H,14,18,6,4,21,17,4,7,5,4,0,0
Schalke 04,Dortmund,0,0,D,0,0,D,13,8,3,3,8,7,8,2,3,2,0,0
Leverkusen,Werder Bremen,2,2,D,1,1,D,21,10,4,3,12,13,10,1,2,1,0,0
Wolfsburg,Augsburg,0,0,D,0,0,D,14,10,3,5,12,13,5,3,0,0,0,0
M'gladbach,Ein Frankfurt,4,2,H,2,0,H,12,15,7,3,12,11,5,6,1,1,0,0
Hoffenheim,Paderborn,3,0,H,3,0,H,12,9,7,2,7,12,4,4,0,1,0,0
Dortmund,Wolfsburg,3,0,H,0,0,D,17,12,8,3,12,18,7,2,1,3,0,0
Ein Frankfurt,Bayern Munich,5,1,H,2,1,H,17,7,11,3,12,7,3,0,1,2,0,1
Leverkusen,M'gladbach,1,2,A,1,2,A,23,11,6,6,13,8,13,0,2,1,1,0
RB Leipzig,Mainz,8,0,H,5,0,H,19,10,12,2,10,7,3,4,0,1,0,0
Werder Bremen,Freiburg,2,2,D,1,1,D,20,13,10,3,17,9,5,0,3,4,0,1
Union Berlin,Hertha,1,0,H,0,0,D,16,8,6,3,14,9,1,4,1,1,0,0
Fortuna Dusseldorf,FC Koln,2,0,H,1,0,H,9,8,3,1,10,20,3,4,1,3,0,0
Augsburg,Schalke 04,2,3,A,1,1,D,12,11,4,3,12,10,1,6,3,5,0,0
FC Koln,Hoffenheim,1,2,A,1,0,H,11,15,3,5,21,14,5,7,4,3,0,0
Hertha,RB Leipzig,2,4,A,1,2,A,7,10,3,7,12,12,0,5,2,1,0,0
Mainz,Union Berlin,2,3,A,0,2,A,18,14,5,4,15,15,3,2,1,4,0,0
Paderborn,Augsburg,0,1,A,0,1,A,12,13,4,5,15,12,5,7,1,3,0,0
Schalke 04,Fortuna Dusseldorf,3,3,D,1,0,H,12,9,5,5,9,15,2,4,2,4,0,0
Bayern Munich,Dortmund,4,0,H,1,0,H,17,2,5,0,11,12,2,1,2,1,0,0
M'gladbach,Werder Bremen,3,1,H,2,0,H,17,16,7,7,17,11,3,8,5,4,1,0
Wolfsburg,Leverkusen,0,2,A,0,1,A,9,9,1,4,8,9,9,0,2,2,0,0
Freiburg,Ein Frankfurt,1,0,H,0,0,D,13,17,7,6,7,13,8,10,1,3,1,2
Dortmund,Paderborn,3,3,D,0,3,A,18,10,7,4,8,7,10,2,3,1,0,0
Ein Frankfurt,Wolfsburg,0,2,A,0,1,A,17,9,9,6,13,22,12,1,3,5,0,1
Fortuna Dusseldorf,Bayern Munich,0,4,A,0,3,A,12,18,1,5,8,6,8,6,1,1,0,0
Leverkusen,Freiburg,1,1,D,1,1,D,27,7,9,2,9,14,13,3,0,3,0,0
Union Berlin,M'gladbach,2,0,H,1,0,H,11,12,6,2,12,7,2,6,1,1,0,0
Werder Bremen,Schalke 04,1,2,A,0,1,A,16,10,5,5,12,15,1,3,3,2,0,0
RB Leipzig,FC Koln,4,1,H,3,1,H,20,6,8,1,9,15,13,3,0,3,0,0
Augsburg,Hertha,4,0,H,2,0,H,14,5,5,1,8,18,3,3,0,2,0,1
Hoffenheim,Mainz,1,5,A,0,1,A,22,11,8,5,10,13,14,3,1,3,0,1
Schalke 04,Union Berlin,2,1,H,1,1,D,17,17,8,7,12,13,7,4,1,4,0,0
FC Koln,Augsburg,1,1,D,0,1,A,13,11,6,4,15,17,4,8,8,3,1,1
Hertha,Dortmund,1,2,A,1,2,A,13,7,3,5,13,8,2,2,3,2,0,1
Hoffenheim,Fortuna Dusseldorf,1,1,D,1,0,H,12,11,6,3,11,16,2,5,2,4,0,0
Paderborn,RB Leipzig,2,3,A,0,3,A,8,18,4,6,10,13,6,6,3,3,0,0
Bayern Munich,Leverkusen,1,2,A,1,2,A,24,11,11,7,9,16,8,2,1,3,0,1
M'gladbach,Freiburg,4,2,H,1,1,D,22,13,13,5,13,15,2,3,3,2,0,0
Wolfsburg,Werder Bremen,2,3,A,1,2,A,19,10,6,3,14,14,9,3,1,4,0,0
Mainz,Ein Frankfurt,2,1,H,0,1,A,18,14,8,4,13,10,8,6,1,2,0,1
Ein Frankfurt,Hertha,2,2,D,0,1,A,25,9,6,3,11,15,16,1,3,4,0,0
Augsburg,Mainz,2,1,H,1,1,D,18,12,5,3,13,14,8,2,2,2,0,0
Dortmund,Fortuna Dusseldorf,5,0,H,1,0,H,23,2,10,0,8,10,6,0,0,3,0,0
Freiburg,Wolfsburg,1,0,H,0,0,D,10,10,3,0,13,20,2,7,0,2,0,0
M'gladbach,Bayern Munich,2,1,H,0,0,D,7,17,3,5,12,17,2,5,3,5,0,1
RB Leipzig,Hoffenheim,3,1,H,1,0,H,25,11,14,1,14,5,8,6,3,1,0,0
Leverkusen,Schalke 04,2,1,H,1,0,H,19,5,9,3,11,11,9,0,2,2,0,0
Union Berlin,FC Koln,2,0,H,1,0,H,11,14,5,4,21,19,3,5,1,3,0,0
Werder Bremen,Paderborn,0,1,A,0,0,D,12,18,3,5,10,13,13,6,1,4,0,0
Hoffenheim,Augsburg,2,4,A,1,1,D,19,6,8,4,10,7,11,1,1,0,0,0
Bayern Munich,Werder Bremen,6,1,H,2,1,H,29,11,14,2,13,12,8,2,2,2,0,0
FC Koln,Leverkusen,2,0,H,0,0,D,13,6,5,2,12,9,3,4,2,3,0,2
Hertha,Freiburg,1,0,H,0,0,D,14,15,4,2,9,5,4,7,2,0,0,0
Mainz,Dortmund,0,4,A,0,1,A,9,18,0,7,8,10,3,5,1,0,0,0
Paderborn,Union Berlin,1,1,D,1,1,D,14,15,3,2,19,16,2,3,2,4,0,0
Fortuna Dusseldorf,RB Leipzig,0,3,A,0,1,A,4,21,1,7,11,7,3,9,2,1,0,0
Wolfsburg,M'gladbach,2,1,H,1,1,D,17,6,7,5,20,15,5,2,3,3,0,0
Schalke 04,Ein Frankfurt,1,0,H,0,0,D,11,17,5,3,15,12,7,6,1,4,1,0
Werder Bremen,Mainz,0,5,A,0,4,A,15,19,5,8,13,13,8,5,2,2,0,0
Augsburg,Fortuna Dusseldorf,3,0,H,1,0,H,12,6,7,2,10,15,4,2,3,4,0,0
Dortmund,RB Leipzig,3,3,D,2,0,H,14,12,6,8,9,5,12,3,0,0,0,0
Union Berlin,Hoffenheim,0,2,A,0,0,D,16,7,2,4,16,13,6,1,2,6,0,0
Leverkusen,Hertha,0,1,A,0,0,D,17,10,7,5,12,16,5,4,2,3,0,0
Ein Frankfurt,FC Koln,2,4,A,2,1,H,17,21,6,9,12,10,7,10,2,4,0,0
Freiburg,Bayern Munich,1,3,A,0,1,A,15,22,5,10,5,8,6,8,0,3,0,0
M'gladbach,Paderborn,2,0,H,0,0,D,17,12,6,2,6,14,8,4,2,3,0,0
Wolfsburg,Schalke 04,1,1,D,0,0,D,29,8,11,2,13,11,12,5,1,1,0,0
Hoffenheim,Dortmund,2,1,H,0,1,A,11,12,3,5,8,12,0,8,0,1,0,0
Bayern Munich,Wolfsburg,2,0,H,0,0,D,18,10,8,3,7,7,12,6,2,2,0,0
FC Koln,Werder Bremen,1,0,H,1,0,H,7,6,1,1,11,18,1,7,1,4,0,0
Mainz,Leverkusen,0,1,A,0,0,D,17,14,2,4,8,8,6,6,0,2,0,1
RB Leipzig,Augsburg,3,1,H,0,1,A,22,6,7,2,7,9,10,4,1,3,0,0
Schalke 04,Freiburg,2,2,D,1,0,H,19,19,6,7,9,12,7,5,1,1,0,0
Hertha,M'gladbach,0,0,D,0,0,D,8,11,0,5,11,11,1,7,2,2,0,0
Fortuna Dusseldorf,Union Berlin,2,1,H,1,0,H,22,17,8,6,8,18,7,5,2,4,0,0
Paderborn,Ein Frankfurt,2,1,H,2,0,H,19,20,5,5,11,11,3,8,3,2,0,0
Schalke 04,M'gladbach,2,0,H,0,0,D,13,14,7,5,13,17,8,8,3,4,0,0
Augsburg,Dortmund,3,5,A,1,0,H,13,17,5,8,4,5,2,6,0,1,0,0
FC Koln,Wolfsburg,3,1,H,2,0,H,12,17,7,8,11,18,8,5,3,3,0,0
Fortuna Dusseldorf,Werder Bremen,0,1,A,0,0,D,17,13,2,4,16,12,6,4,4,5,0,1
Hoffenheim,Ein Frankfurt,1,2,A,0,1,A,12,13,5,3,10,13,8,6,2,2,0,0
Mainz,Freiburg,1,2,A,0,2,A,24,13,8,5,15,10,7,5,4,2,0,0
RB Leipzig,Union Berlin,3,1,H,0,1,A,19,15,8,5,6,18,4,4,1,3,0,0
Hertha,Bayern Munich,0,4,A,0,0,D,6,20,1,10,7,14,0,4,3,1,0,0
Paderborn,Leverkusen,1,4,A,0,3,A,13,12,7,7,8,12,6,4,4,1,0,0
Dortmund,FC Koln,5,1,H,2,0,H,14,11,9,5,6,7,1,3,1,1,0,0
Ein Frankfurt,RB Leipzig,2,0,H,0,0,D,7,22,5,4,8,10,4,6,1,2,0,0
Freiburg,Paderborn,0,2,A,0,0,D,19,15,5,3,11,7,6,6,4,4,0,1
M'gladbach,Mainz,3,1,H,1,1,D,15,12,5,9,7,14,6,3,2,3,0,0
Union Berlin,Augsburg,2,0,H,0,0,D,12,25,3,7,18,9,4,5,4,1,0,0
Wolfsburg,Hertha,1,2,A,0,0,D,20,9,7,4,8,8,9,4,0,1,0,0
Bayern Munich,Schalke 04,5,0,H,2,0,H,24,7,14,1,3,4,9,2,0,0,0,0
Werder Bremen,Hoffenheim,0,3,A,0,0,D,16,9,3,4,14,15,7,4,2,2,0,0
Leverkusen,Fortuna Dusseldorf,3,0,H,1,0,H,25,12,11,3,11,10,8,5,0,3,0,0
Hertha,Schalke 04,0,0,D,0,0,D,9,13,0,5,9,9,3,7,1,1,0,0
Augsburg,Werder Bremen,2,1,H,0,1,A,14,7,4,1,8,17,5,3,2,5,0,0
Dortmund,Union Berlin,5,0,H,2,0,H,13,5,7,0,7,8,5,3,0,1,0,0
Fortuna Dusseldorf,Ein Frankfurt,1,1,D,0,0,D,8,6,1,4,6,12,4,4,2,1,0,0
Hoffenheim,Leverkusen,2,1,H,1,1,D,14,22,6,11,8,10,4,10,3,3,0,1
Mainz,Bayern Munich,1,3,A,1,3,A,8,13,3,5,12,9,6,4,3,1,0,0
RB Leipzig,M'gladbach,2,2,D,0,2,A,18,7,8,4,12,13,4,4,1,6,0,1
FC Koln,Freiburg,4,0,H,1,0,H,24,9,9,2,13,9,10,6,3,1,0,0
Paderborn,Wolfsburg,2,4,A,1,2,A,10,9,7,5,15,17,3,7,3,3,1,0
Ein Frankfurt,Augsburg,5,0,H,1,0,H,13,8,9,5,7,5,1,4,1,0,0,0
Freiburg,Hoffenheim,1,0,H,1,0,H,12,21,6,6,10,13,5,10,3,3,0,0
Hertha,Mainz,1,3,A,0,1,A,13,10,3,3,13,16,10,1,4,1,1,0
Schalke 04,Paderborn,1,1,D,0,0,D,15,15,4,4,6,8,11,10,2,3,0,0
Werder Bremen,Union Berlin,0,2,A,0,0,D,14,11,3,5,7,16,5,5,4,3,0,0
Wolfsburg,Fortuna Dusseldorf,1,1,D,0,1,A,9,10,5,2,10,14,3,5,0,1,1,0
Leverkusen,Dortmund,4,3,H,2,2,D,9,12,5,6,9,10,3,7,2,1,0,0
Bayern Munich,RB Leipzig,0,0,D,0,0,D,10,8,3,1,8,12,11,3,2,2,0,0
Dortmund,Ein Frankfurt,4,0,H,1,0,H,17,1,7,0,7,3,5,0,0,1,0,0
Augsburg,Freiburg,1,1,D,1,0,H,10,20,3,5,19,5,0,3,4,1,0,0
Hoffenheim,Wolfsburg,2,3,A,1,1,D,14,15,6,6,7,12,4,4,2,2,0,0
Paderborn,Hertha,1,2,A,0,1,A,20,17,4,6,14,12,5,8,2,2,0,0
RB Leipzig,Werder Bremen,3,0,H,2,0,H,10,8,3,1,10,12,8,1,1,1,0,0
Union Berlin,Leverkusen,2,3,A,1,1,D,20,12,7,5,9,12,6,4,2,2,0,0
Fortuna Dusseldorf,M'gladbach,1,4,A,1,1,D,9,17,4,6,10,10,2,5,2,2,0,0
FC Koln,Bayern Munich,1,4,A,0,3,A,13,26,6,8,12,10,1,6,1,3,0,0
Mainz,Schalke 04,0,0,D,0,0,D,15,8,5,3,7,11,3,6,2,2,0,0
Bayern Munich,Paderborn,3,2,H,1,1,D,18,5,9,4,3,9,11,1,1,3,0,0
Freiburg,Fortuna Dusseldorf,0,2,A,0,1,A,15,9,4,4,13,10,7,4,1,4,0,0
Hertha,FC Koln,0,5,A,0,3,A,9,17,1,11,12,10,5,3,2,2,0,0
M'gladbach,Hoffenheim,1,1,D,1,0,H,17,22,10,4,8,8,8,8,4,4,0,0
Werder Bremen,Dortmund,0,2,A,0,0,D,8,12,2,6,13,8,2,6,0,0,0,0
Schalke 04,RB Leipzig,0,5,A,0,1,A,3,22,2,8,10,7,2,5,2,3,0,0
Leverkusen,Augsburg,2,0,H,1,0,H,9,8,4,3,8,12,2,3,2,4,0,0
Wolfsburg,Mainz,4,0,H,2,0,H,16,13,6,3,10,12,4,14,0,2,0,0
Ein Frankfurt,Union Berlin,1,2,A,0,0,D,21,11,3,7,10,15,14,6,3,4,0,0
Fortuna Dusseldorf,Hertha,3,3,D,3,0,H,14,16,5,7,11,11,3,5,2,2,0,0
Augsburg,M'gladbach,2,3,A,0,0,D,8,15,3,7,11,6,5,3,3,2,0,0
Dortmund,Freiburg,1,0,H,1,0,H,16,13,2,4,5,9,6,4,1,0,0,0
Hoffenheim,Bayern Munich,0,6,A,0,4,A,4,25,1,11,3,7,1,7,0,0,0,0
Mainz,Paderborn,2,0,H,2,0,H,8,9,3,4,5,15,5,8,1,3,0,0
FC Koln,Schalke 04,3,0,H,2,0,H,11,7,6,1,7,8,4,2,1,2,0,0
Union Berlin,Wolfsburg,2,2,D,1,0,H,6,14,3,3,8,13,1,6,1,2,0,0
RB Leipzig,Leverkusen,1,1,D,1,1,D,9,14,2,6,4,12,8,5,0,3,0,0
Paderborn,FC Koln,1,2,A,0,2,A,16,15,2,3,8,12,5,9,3,4,0,0
Freiburg,Union Berlin,3,1,H,1,0,H,9,14,4,4,5,20,7,2,2,3,0,1
Hertha,Werder Bremen,2,2,D,1,2,A,19,7,5,3,16,5,3,1,3,3,0,0
Leverkusen,Ein Frankfurt,4,0,H,2,0,H,14,9,5,3,10,12,1,3,1,0,0,0
Schalke 04,Hoffenheim,1,1,D,1,0,H,14,4,4,1,8,12,4,5,0,1,0,0
Wolfsburg,RB Leipzig,0,0,D,0,0,D,16,15,4,4,11,14,4,4,2,3,0,0
M'gladbach,Dortmund,1,2,A,0,1,A,10,10,3,4,8,9,3,3,5,5,0,0
Bayern Munich,Augsburg,2,0,H,0,0,D,17,8,6,2,4,7,9,4,1,0,0,0
Mainz,Fortuna Dusseldorf,1,1,D,0,0,D,3,20,1,5,17,10,1,8,3,1,1,0
M'gladbach,FC Koln,2,1,H,1,0,H,12,16,5,3,14,14,6,3,1,2,0,0
Augsburg,Wolfsburg,1,2,A,0,1,A,8,17,3,5,8,11,3,1,1,3,0,0
Dortmund,Schalke 04,4,0,H,2,0,H,11,10,4,3,9,8,4,2,2,2,0,0
Fortuna Dusseldorf,Paderborn,0,0,D,0,0,D,10,7,1,1,15,16,2,0,2,2,0,0
Hoffenheim,Hertha,0,3,A,0,0,D,21,12,5,5,9,16,7,5,2,3,0,0
RB Leipzig,Freiburg,1,1,D,0,1,A,23,7,9,2,11,8,8,4,0,1,0,0
Ein Frankfurt,M'gladbach,1,3,A,0,2,A,12,15,4,8,19,10,5,1,5,1,0,0
FC Koln,Mainz,2,2,D,1,0,H,16,11,6,5,20,15,5,7,4,2,0,0
Union Berlin,Bayern Munich,0,2,A,0,1,A,10,14,2,3,13,10,4,9,2,1,0,0
Werder Bremen,Leverkusen,1,4,A,1,2,A,9,13,1,6,15,14,2,9,2,1,0,0
Hertha,Union Berlin,4,0,H,0,0,D,14,7,8,0,12,12,4,6,2,1,0,0
Freiburg,Werder Bremen,0,1,A,0,1,A,15,11,8,3,12,18,7,2,0,3,0,1
M'gladbach,Leverkusen,1,3,A,0,1,A,16,13,6,7,16,16,6,3,1,1,0,0
Paderborn,Hoffenheim,1,1,D,1,1,D,13,18,3,7,14,13,2,8,3,0,0,0
Wolfsburg,Dortmund,0,2,A,0,1,A,8,6,1,2,11,10,2,2,4,2,1,0
Bayern Munich,Ein Frankfurt,5,2,H,2,0,H,23,11,10,4,10,7,7,2,0,1,0,0
Schalke 04,Augsburg,0,3,A,0,1,A,12,9,2,7,14,11,3,2,0,2,0,0
Mainz,RB Leipzig,0,5,A,0,3,A,4,21,1,9,13,11,5,4,3,3,0,0
FC Koln,Fortuna Dusseldorf,2,2,D,0,1,A,16,10,6,5,19,17,6,2,0,1,0,0
Dortmund,Bayern Munich,0,1,A,0,1,A,13,13,5,6,9,15,4,3,2,2,0,0
Ein Frankfurt,Freiburg,3,3,D,1,1,D,35,10,16,5,14,9,9,2,4,1,0,0
Leverkusen,Wolfsburg,1,4,A,0,1,A,10,14,2,9,10,16,12,6,3,3,0,0
Werder Bremen,M'gladbach,0,0,D,0,0,D,12,8,7,4,14,11,8,5,2,1,0,0
RB Leipzig,Hertha,2,2,D,1,1,D,11,13,5,4,12,19,4,7,2,3,1,0
Augsburg,Paderborn,0,0,D,0,0,D,12,15,3,3,7,14,6,6,1,1,0,0
Fortuna Dusseldorf,Schalke 04,2,1,H,0,0,D,13,7,8,2,10,13,7,2,3,2,0,0
Hoffenheim,FC Koln,3,1,H,1,0,H,8,15,6,5,12,8,0,10,6,1,1,1
Union Berlin,Mainz,1,1,D,1,1,D,9,10,4,2,17,18,6,6,4,2,1,0
Freiburg,Leverkusen,0,1,A,0,0,D,9,7,1,1,8,13,6,6,0,2,0,0
Hertha,Augsburg,2,0,H,1,0,H,12,8,6,2,19,7,7,8,3,3,0,0
Mainz,Hoffenheim,0,1,A,0,1,A,18,13,2,6,18,14,10,7,4,3,0,0
Schalke 04,Werder Bremen,0,1,A,0,1,A,12,6,1,2,19,16,4,8,5,3,0,0
Wolfsburg,Ein Frankfurt,1,2,A,0,1,A,19,6,4,3,18,16,4,3,4,6,0,1
Bayern Munich,Fortuna Dusseldorf,5,0,H,3,0,H,23,7,8,2,9,10,7,2,0,2,0,0
M'gladbach,Union Berlin,4,1,H,2,0,H,16,13,10,5,13,9,4,3,3,2,0,0
Paderborn,Dortmund,1,6,A,0,0,D,10,16,1,11,4,6,2,8,2,3,0,0
FC Koln,RB Leipzig,2,4,A,1,2,A,7,19,5,8,16,7,4,7,2,1,0,0
Werder Bremen,Ein Frankfurt,0,3,A,0,0,D,11,12,3,4,14,21,5,6,2,1,0,0
Freiburg,M'gladbach,1,0,H,0,0,D,16,18,6,4,14,14,3,10,4,3,0,1
Ein Frankfurt,Mainz,0,2,A,0,1,A,10,17,0,5,17,15,7,5,3,3,0,0
Fortuna Dusseldorf,Hoffenheim,2,2,D,1,1,D,23,8,4,5,12,15,7,1,4,4,0,1
Leverkusen,Bayern Munich,2,4,A,1,3,A,10,16,6,10,14,4,6,4,3,3,0,0
RB Leipzig,Paderborn,1,1,D,1,0,H,12,17,5,5,11,14,7,9,2,4,1,0
Dortmund,Hertha,1,0,H,0,0,D,12,5,3,2,7,11,6,0,0,2,0,0
Werder Bremen,Wolfsburg,0,1,A,0,0,D,14,18,4,3,17,13,5,4,3,3,0,0
Union Berlin,Schalke 04,1,1,D,1,1,D,12,5,6,1,19,13,9,4,3,1,0,0
Augsburg,FC Koln,1,1,D,0,0,D,18,9,5,2,13,21,9,2,1,3,0,0
Hoffenheim,RB Leipzig,0,2,A,0,2,A,22,14,7,7,15,18,9,1,2,2,0,0
FC Koln,Union Berlin,1,2,A,0,1,A,10,7,6,5,18,17,4,6,3,0,0,0
Fortuna Dusseldorf,Dortmund,0,1,A,0,0,D,6,5,4,3,6,15,6,1,1,3,0,0
Hertha,Ein Frankfurt,1,4,A,1,0,H,4,18,3,7,14,7,1,5,2,2,1,0
Paderborn,Werder Bremen,1,5,A,0,3,A,20,11,8,8,17,18,11,2,6,3,0,0
Wolfsburg,Freiburg,2,2,D,2,1,H,22,10,7,6,17,11,6,5,0,1,0,0
Bayern Munich,M'gladbach,2,1,H,1,1,D,11,9,6,2,13,10,3,1,0,2,0,0
Mainz,Augsburg,0,1,A,0,1,A,18,9,4,3,8,14,9,5,2,4,0,0
Schalke 04,Leverkusen,1,1,D,0,0,D,7,15,4,5,14,7,1,9,4,1,0,0
M'gladbach,Wolfsburg,3,0,H,2,0,H,11,12,3,2,15,17,5,3,1,4,0,0
Freiburg,Hertha,2,1,H,0,0,D,17,12,6,5,6,16,5,5,0,2,0,0
Union Berlin,Paderborn,1,0,H,1,0,H,14,10,6,2,17,16,1,5,0,0,0,0
Werder Bremen,Bayern Munich,0,1,A,0,1,A,6,13,1,4,9,13,0,10,2,3,0,1
Ein Frankfurt,Schalke 04,2,1,H,1,0,H,14,8,4,5,9,16,5,3,3,5,0,1
Augsburg,Hoffenheim,1,3,A,0,0,D,12,17,5,5,10,14,6,4,2,1,0,0
Dortmund,Mainz,0,2,A,0,1,A,15,10,5,6,14,13,7,1,6,3,0,0
Leverkusen,FC Koln,3,1,H,2,0,H,13,7,6,1,12,16,7,3,2,2,0,0
RB Leipzig,Fortuna Dusseldorf,2,2,D,0,0,D,14,12,5,2,7,7,5,2,1,0,0,0
Bayern Munich,Freiburg,3,1,H,3,1,H,23,11,8,3,13,8,8,2,0,0,0,0
FC Koln,Ein Frankfurt,1,1,D,1,0,H,4,9,2,2,8,15,5,9,1,2,0,0
Fortuna Dusseldorf,Augsburg,1,1,D,1,1,D,8,11,4,3,14,12,5,3,1,0,0,0
Hertha,Leverkusen,2,0,H,1,0,H,13,12,5,2,14,15,5,4,4,3,0,0
Hoffenheim,Union Berlin,4,0,H,3,0,H,15,5,8,1,10,15,6,4,1,3,0,0
Mainz,Werder Bremen,3,1,H,2,0,H,21,19,12,6,12,15,7,8,2,3,0,0
Paderborn,M'gladbach,1,3,A,0,1,A,11,22,1,10,11,13,3,5,4,2,1,0
RB Leipzig,Dortmund,0,2,A,0,1,A,16,11,5,7,13,7,4,1,3,3,0,0
Schalke 04,Wolfsburg,1,4,A,0,1,A,10,10,3,5,12,16,2,4,4,3,0,0
Augsburg,RB Leipzig,1,2,A,0,1,A,5,14,1,5,11,10,2,8,4,1,0,0
Dortmund,Hoffenheim,0,4,A,0,2,A,7,15,4,7,7,5,2,5,1,0,0,0
Ein Frankfurt,Paderborn,3,2,H,2,0,H,12,16,4,5,13,3,6,2,0,1,0,0
Freiburg,Schalke 04,4,0,H,2,0,H,15,21,8,5,14,5,1,5,1,0,0,0
Leverkusen,Mainz,1,0,H,1,0,H,13,6,2,1,10,10,11,4,1,1,0,0
M'gladbach,Hertha,2,1,H,1,0,H,22,4,8,2,7,15,3,3,1,2,0,0
Union Berlin,Fortuna Dusseldorf,3,0,H,1,0,H,11,25,7,4,15,6,6,10,0,1,0,0
Werder Bremen,FC Koln,6,1,H,3,0,H,18,6,9,2,22,16,7,5,1,2,0,0
Wolfsburg,Bayern Munich,0,4,A,0,2,A,11,17,4,11,13,9,3,6,3,0,1,0
